-- MySQL dump 10.13  Distrib 8.0.44, for Win64 (x86_64)
--
-- Host: localhost    Database: musicPlayer
-- ------------------------------------------------------
-- Server version	8.0.44

/*!40101 SET @OLD_CHARACTER_SET_CLIENT=@@CHARACTER_SET_CLIENT */;
/*!40101 SET @OLD_CHARACTER_SET_RESULTS=@@CHARACTER_SET_RESULTS */;
/*!40101 SET @OLD_COLLATION_CONNECTION=@@COLLATION_CONNECTION */;
/*!50503 SET NAMES utf8mb4 */;
/*!40103 SET @OLD_TIME_ZONE=@@TIME_ZONE */;
/*!40103 SET TIME_ZONE='+00:00' */;
/*!40014 SET @OLD_UNIQUE_CHECKS=@@UNIQUE_CHECKS, UNIQUE_CHECKS=0 */;
/*!40014 SET @OLD_FOREIGN_KEY_CHECKS=@@FOREIGN_KEY_CHECKS, FOREIGN_KEY_CHECKS=0 */;
/*!40101 SET @OLD_SQL_MODE=@@SQL_MODE, SQL_MODE='NO_AUTO_VALUE_ON_ZERO' */;
/*!40111 SET @OLD_SQL_NOTES=@@SQL_NOTES, SQL_NOTES=0 */;

--
-- Table structure for table `play_state`
--
USE musicplayer;

DROP TABLE IF EXISTS `play_state`;
/*!40101 SET @saved_cs_client     = @@character_set_client */;
/*!50503 SET character_set_client = utf8mb4 */;
CREATE TABLE `play_state` (
  `user_id` int NOT NULL,
  `current_queue_id` int DEFAULT NULL,
  `current_song_id` int DEFAULT NULL,
  `current_position` int DEFAULT '0',
  `current_progress` int DEFAULT '0',
  `playmode` varchar(20) DEFAULT 'sequence',
  `updated_date` datetime NOT NULL DEFAULT CURRENT_TIMESTAMP ON UPDATE CURRENT_TIMESTAMP,
  PRIMARY KEY (`user_id`),
  KEY `idx_current_queue` (`current_queue_id`)
) ENGINE=InnoDB DEFAULT CHARSET=utf8mb4 COLLATE=utf8mb4_0900_ai_ci;
/*!40101 SET character_set_client = @saved_cs_client */;

--
-- Dumping data for table `play_state`
--

LOCK TABLES `play_state` WRITE;
/*!40000 ALTER TABLE `play_state` DISABLE KEYS */;
INSERT INTO `play_state` VALUES (1,1,210,56,93,'repeat_all','2026-04-19 17:00:50'),(5,2,NULL,0,64,'sequence','2026-04-12 15:29:44');
/*!40000 ALTER TABLE `play_state` ENABLE KEYS */;
UNLOCK TABLES;

--
-- Table structure for table `playlists`
--

DROP TABLE IF EXISTS `playlists`;
/*!40101 SET @saved_cs_client     = @@character_set_client */;
/*!50503 SET character_set_client = utf8mb4 */;
CREATE TABLE `playlists` (
  `playlist_id` int NOT NULL AUTO_INCREMENT,
  `playlist_name` varchar(255) COLLATE utf8mb4_unicode_ci DEFAULT NULL,
  `creator_id` int NOT NULL,
  `created_date` datetime NOT NULL DEFAULT CURRENT_TIMESTAMP,
  `updated_date` datetime NOT NULL DEFAULT CURRENT_TIMESTAMP ON UPDATE CURRENT_TIMESTAMP,
  `playlist_cover_url` varchar(500) COLLATE utf8mb4_unicode_ci NOT NULL,
  `song_count` int NOT NULL DEFAULT '0',
  `like_count` int NOT NULL DEFAULT '0',
  `play_count` int NOT NULL DEFAULT '0',
  `is_public` tinyint(1) NOT NULL DEFAULT '1',
  `description` text COLLATE utf8mb4_unicode_ci,
  PRIMARY KEY (`playlist_id`),
  KEY `idx_creator_id` (`creator_id`)
) ENGINE=InnoDB AUTO_INCREMENT=3 DEFAULT CHARSET=utf8mb4 COLLATE=utf8mb4_unicode_ci;
/*!40101 SET character_set_client = @saved_cs_client */;

--
-- Dumping data for table `playlists`
--

LOCK TABLES `playlists` WRITE;
/*!40000 ALTER TABLE `playlists` DISABLE KEYS */;
/*!40000 ALTER TABLE `playlists` ENABLE KEYS */;
UNLOCK TABLES;

--
-- Table structure for table `queue_items`
--

DROP TABLE IF EXISTS `queue_items`;
/*!40101 SET @saved_cs_client     = @@character_set_client */;
/*!50503 SET character_set_client = utf8mb4 */;
CREATE TABLE `queue_items` (
  `queue_item_id` int NOT NULL AUTO_INCREMENT,
  `queue_id` int NOT NULL,
  `song_id` int NOT NULL,
  `queue_item_position` int NOT NULL DEFAULT '0',
  `added_date` datetime NOT NULL DEFAULT CURRENT_TIMESTAMP,
  PRIMARY KEY (`queue_item_id`),
  KEY `idx_queue_song` (`queue_id`,`song_id`),
  KEY `idx_queue_position` (`queue_id`,`queue_item_position`)
) ENGINE=InnoDB AUTO_INCREMENT=102 DEFAULT CHARSET=utf8mb4 COLLATE=utf8mb4_0900_ai_ci;
/*!40101 SET character_set_client = @saved_cs_client */;

--
-- Dumping data for table `queue_items`
--

LOCK TABLES `queue_items` WRITE;
/*!40000 ALTER TABLE `queue_items` DISABLE KEYS */;
INSERT INTO `queue_items` VALUES (5,1,5,27,'2026-03-30 16:08:21'),(12,1,241,37,'2026-03-30 16:20:05'),(13,1,4,3,'2026-03-30 16:58:12'),(14,1,78,48,'2026-03-30 17:33:28'),(16,1,83,30,'2026-03-30 17:33:34'),(17,1,114,39,'2026-03-30 17:43:06'),(18,1,146,68,'2026-03-30 17:43:12'),(19,1,148,18,'2026-03-30 17:43:19'),(20,1,152,26,'2026-03-30 17:49:25'),(21,1,173,53,'2026-03-30 17:49:37'),(22,1,59,12,'2026-03-30 21:16:40'),(23,2,1,1,'2026-03-30 21:52:57'),(24,2,2,3,'2026-03-30 21:53:04'),(25,2,48,2,'2026-03-30 21:53:08'),(26,1,64,23,'2026-03-31 14:18:35'),(27,1,69,58,'2026-03-31 14:18:39'),(28,1,88,51,'2026-03-31 14:18:57'),(30,1,35,52,'2026-03-31 16:47:05'),(31,1,79,19,'2026-03-31 16:47:16'),(32,1,237,34,'2026-03-31 16:57:20'),(33,1,222,38,'2026-04-01 13:53:36'),(34,1,223,47,'2026-04-01 13:53:37'),(35,1,258,44,'2026-04-01 14:56:36'),(37,1,71,13,'2026-04-05 10:44:58'),(38,1,72,17,'2026-04-05 10:45:02'),(39,1,94,61,'2026-04-05 10:45:31'),(42,1,3,43,'2026-04-06 09:46:57'),(43,1,244,33,'2026-04-06 09:47:09'),(44,1,242,21,'2026-04-06 09:47:11'),(48,1,226,10,'2026-04-06 09:47:24'),(49,1,227,36,'2026-04-06 09:47:25'),(53,1,221,54,'2026-04-06 09:47:40'),(54,1,225,66,'2026-04-06 09:47:41'),(55,1,210,57,'2026-04-06 09:47:47'),(56,1,200,49,'2026-04-06 09:47:53'),(59,1,169,7,'2026-04-06 09:48:05'),(60,1,172,35,'2026-04-06 09:48:08'),(61,1,174,16,'2026-04-06 09:48:10'),(62,1,176,4,'2026-04-06 09:48:15'),(63,1,155,15,'2026-04-06 09:48:22'),(64,1,161,11,'2026-04-06 09:48:24'),(65,1,160,40,'2026-04-06 09:48:26'),(66,1,165,25,'2026-04-06 09:48:29'),(67,1,14,5,'2026-04-08 12:41:07'),(68,1,44,60,'2026-04-08 12:41:16'),(69,1,60,63,'2026-04-08 12:41:27'),(70,1,62,20,'2026-04-08 12:41:32'),(71,1,68,50,'2026-04-08 12:41:36'),(72,1,76,59,'2026-04-08 12:41:43'),(73,1,90,29,'2026-04-08 12:41:44'),(74,1,97,55,'2026-04-08 12:41:51'),(75,1,102,24,'2026-04-08 12:41:54'),(76,1,104,67,'2026-04-08 12:41:59'),(77,1,112,31,'2026-04-08 12:42:06'),(78,1,127,8,'2026-04-08 12:42:11'),(79,1,132,64,'2026-04-08 12:42:14'),(80,1,149,14,'2026-04-08 12:42:19'),(81,1,162,2,'2026-04-08 12:42:29'),(82,1,171,32,'2026-04-08 12:42:35'),(83,1,202,45,'2026-04-08 12:42:46'),(84,1,203,22,'2026-04-08 12:42:47'),(85,1,214,9,'2026-04-08 12:42:52'),(86,1,213,6,'2026-04-08 12:42:54'),(87,1,212,41,'2026-04-08 12:42:55'),(88,1,239,42,'2026-04-08 12:43:00'),(89,1,238,65,'2026-04-08 12:43:02'),(90,1,240,62,'2026-04-08 12:43:04'),(91,1,243,56,'2026-04-08 12:43:09'),(99,1,1,46,'2026-04-12 15:31:10'),(100,1,261,28,'2026-04-12 15:32:39'),(101,1,263,1,'2026-04-12 15:35:51');
/*!40000 ALTER TABLE `queue_items` ENABLE KEYS */;
UNLOCK TABLES;

--
-- Table structure for table `queues`
--

DROP TABLE IF EXISTS `queues`;
/*!40101 SET @saved_cs_client     = @@character_set_client */;
/*!50503 SET character_set_client = utf8mb4 */;
CREATE TABLE `queues` (
  `queue_id` int NOT NULL AUTO_INCREMENT,
  `queue_name` varchar(255) COLLATE utf8mb4_unicode_ci NOT NULL,
  `creator_id` int NOT NULL,
  `song_count` int NOT NULL DEFAULT '0',
  `is_current` tinyint(1) NOT NULL DEFAULT '0',
  `created_date` datetime NOT NULL DEFAULT CURRENT_TIMESTAMP,
  `updated_date` datetime NOT NULL DEFAULT CURRENT_TIMESTAMP ON UPDATE CURRENT_TIMESTAMP,
  `created_at` datetime NOT NULL DEFAULT CURRENT_TIMESTAMP,
  PRIMARY KEY (`queue_id`),
  KEY `idx_creator_date` (`creator_id`,`updated_date` DESC)
) ENGINE=InnoDB AUTO_INCREMENT=4 DEFAULT CHARSET=utf8mb4 COLLATE=utf8mb4_unicode_ci;
/*!40101 SET character_set_client = @saved_cs_client */;

--
-- Dumping data for table `queues`
--

LOCK TABLES `queues` WRITE;
/*!40000 ALTER TABLE `queues` DISABLE KEYS */;
INSERT INTO `queues` VALUES (1,'默认列表',1,69,0,'2026-03-30 16:08:13','2026-04-12 15:35:50','2026-03-30 16:08:13'),(2,'默认列表',5,3,0,'2026-03-30 21:52:57','2026-03-30 21:53:08','2026-03-30 21:52:57');
/*!40000 ALTER TABLE `queues` ENABLE KEYS */;
UNLOCK TABLES;

--
-- Table structure for table `songs`
--

DROP TABLE IF EXISTS `songs`;
/*!40101 SET @saved_cs_client     = @@character_set_client */;
/*!50503 SET character_set_client = utf8mb4 */;
CREATE TABLE `songs` (
  `song_id` int NOT NULL AUTO_INCREMENT,
  `song_title` varchar(255) COLLATE utf8mb4_unicode_ci NOT NULL,
  `artist` varchar(255) COLLATE utf8mb4_unicode_ci DEFAULT '未知艺术家',
  `album` varchar(255) COLLATE utf8mb4_unicode_ci DEFAULT '未知专辑',
  `file_size` varchar(50) COLLATE utf8mb4_unicode_ci DEFAULT NULL,
  `uploader_id` int NOT NULL,
  `uploader_name` varchar(50) COLLATE utf8mb4_unicode_ci NOT NULL,
  `duration` int NOT NULL DEFAULT '0',
  `bitrate` int NOT NULL DEFAULT '0',
  `song_cover_url` varchar(255) COLLATE utf8mb4_unicode_ci DEFAULT NULL,
  `song_url` varchar(500) COLLATE utf8mb4_unicode_ci NOT NULL,
  `date_added` datetime NOT NULL DEFAULT CURRENT_TIMESTAMP,
  `file_format` varchar(20) COLLATE utf8mb4_unicode_ci NOT NULL,
  `lyrics` mediumtext CHARACTER SET utf8mb4 COLLATE utf8mb4_unicode_ci,
  `t_lyrics` text COLLATE utf8mb4_unicode_ci COMMENT '翻译歌词(LRC格式)',
  `file_md5` varchar(32) COLLATE utf8mb4_unicode_ci DEFAULT NULL COMMENT '文件内容指纹',
  PRIMARY KEY (`song_id`),
  KEY `idx_uploader_id` (`uploader_id`),
  KEY `idx_file_md5` (`file_md5`),
  FULLTEXT KEY `idx_fulltext_title` (`song_title`)
) ENGINE=InnoDB AUTO_INCREMENT=265 DEFAULT CHARSET=utf8mb4 COLLATE=utf8mb4_unicode_ci;
/*!40101 SET character_set_client = @saved_cs_client */;

--
-- Dumping data for table `songs`
--

LOCK TABLES `songs` WRITE;
/*!40000 ALTER TABLE `songs` DISABLE KEYS */;
INSERT INTO `songs` VALUES (1,'24⧸7','Synth','我的收藏','3.35MB',1,'Admin',246,109,'/static/song_covers/24⧸7_Synth_1775053421478.jpg','/static/songs/24⧸7_Synth.mp3','2026-04-01 22:23:41','mp3',NULL,NULL,'05b4370b9a63f259bb7d9daa46fbe6d9'),(2,'8月31','吴宇深','我的收藏','2.27MB',1,'Admin',194,87,'/static/song_covers/8月31_吴宇深_1775053421491.jpg','/static/songs/8月31_吴宇深.mp3','2026-04-01 22:23:41','mp3',NULL,NULL,'6ddea3566d0bf96bb385b15528c50a63'),(3,'Adagio for Summer Wind','清水淳一','我的收藏','2.88MB',1,'Admin',141,125,'/static/song_covers/Adagio for Summer Wind_清水淳一_1775053421499.jpg','/static/songs/Adagio for Summer Wind_清水淳一.mp3','2026-04-01 22:23:42','mp3',NULL,NULL,'4f54b7b51ad7b671489f2063a7879ce4'),(4,'always','peder b.helland','我的收藏','3.74MB',1,'Admin',403,73,'/static/song_covers/always_peder b.helland_1775053421507.jpg','/static/songs/always_peder b.helland.mp3','2026-04-01 22:23:42','mp3',NULL,NULL,'b4cf56edf1aa4ae12262181cd2d434a6'),(5,'An Old Song','MoreanP','我的收藏','4.31MB',1,'Admin',253,130,'/static/song_covers/An Old Song_MoreanP_1775053421515.jpg','/static/songs/An Old Song_MoreanP.mp3','2026-04-01 22:23:42','mp3',NULL,NULL,'f31b3fde8cc8a6b244987b19f2bede23'),(11,'Autumn','July','我的收藏','3.90MB',1,'Admin',221,134,'/static/song_covers/Autumn_July_1775053421561.jpg','/static/songs/Autumn_July.mp3','2026-04-01 22:23:42','mp3',NULL,NULL,'9dbd100e01f549a7aca441507fa92f26'),(12,'Autumn','LJY','我的收藏','3.32MB',1,'Admin',199,127,'/static/song_covers/Autumn_LJY_1775053421567.jpg','/static/songs/Autumn_LJY.mp3','2026-04-01 22:23:42','mp3',NULL,NULL,'a3f095648693c8c4e7aadd9bd91034e1'),(13,'beyond the memory','July','我的收藏','4.71MB',1,'Admin',234,132,'/static/song_covers/beyond the memory_July_1775053421574.jpg','/static/songs/beyond the memory_July.mp3','2026-04-01 22:23:42','mp3',NULL,NULL,'48c1c12531367f1bc880060834b78b89'),(14,'Blue Dragon','泽野弘之','我的收藏','3.83MB',1,'Admin',213,120,'/static/song_covers/Blue Dragon_泽野弘之_1775053421582.jpg','/static/songs/Blue Dragon_泽野弘之.mp3','2026-04-01 22:23:42','mp3',NULL,NULL,'1ac222ed1f0834e6ba3387fd1a6211ec'),(15,'born a stranger(Slow)','Lerge⧸Kan R. Gao','我的收藏','2.63MB',1,'Admin',185,102,'/static/song_covers/born a stranger(Slow)_Lerge⧸Kan R. Gao_1775053421589.jpg','/static/songs/born a stranger(Slow)_Lerge⧸Kan R. Gao.mp3','2026-04-01 22:23:42','mp3',NULL,NULL,'7e94e36d3d322a271b116d072618cee1'),(16,'Bury the Light','dmc5','我的收藏','9.96MB',1,'Admin',580,136,'/static/song_covers/Bury the Light_dmc5_1775053421598.jpg','/static/songs/Bury the Light_dmc5.mp3','2026-04-01 22:23:42','mp3',NULL,NULL,'ce5c3ad7b243e15c880d612f17332ec3'),(17,'Call of Silence(非纯音)','泽野弘之','我的收藏','3.86MB',1,'Admin',178,130,'/static/song_covers/Call of Silence(非纯音)_泽野弘之_1775053421604.jpg','/static/songs/Call of Silence(非纯音)_泽野弘之.mp3','2026-04-01 22:23:42','mp3',NULL,NULL,'fd914896059a77176a9bebb8f01bc993'),(18,'Call of silence','泽野弘之','我的收藏','2.47MB',1,'Admin',200,96,'/static/song_covers/Call of silence_泽野弘之_1775053421610.jpg','/static/songs/Call of silence_泽野弘之.mp3','2026-04-01 22:23:42','mp3',NULL,NULL,'a6e10b109da4545da5a821d5834da598'),(19,'China-汐','余天易，元小汐','我的收藏','9.48MB',1,'Admin',234,320,'/static/song_covers/China-汐_余天易，元小汐_1775053421616.jpg','/static/songs/China-汐_余天易，元小汐.mp3','2026-04-01 22:23:42','mp3',NULL,NULL,'c350a4e6a2991e7a6aa0d24476a487f3'),(20,'City','羽肿','我的收藏','4.45MB',1,'Admin',253,134,'/static/song_covers/City_羽肿_1775053421623.jpg','/static/songs/City_羽肿.mp3','2026-04-01 22:23:42','mp3',NULL,NULL,'d2bae84c697edd79aea7a3dcc7e92f4c'),(21,'cocoon','林ゆうき','我的收藏','4.54MB',1,'Admin',284,130,'/static/song_covers/cocoon_林ゆうき_1775053421629.jpg','/static/songs/cocoon_林ゆうき.mp3','2026-04-01 22:23:42','mp3',NULL,NULL,'208d2293ed8eec385570198ed7ba653d'),(22,'Collapsing World','Lightscape','我的收藏','3.24MB',1,'Admin',190,135,'/static/song_covers/Collapsing World_Lightscape_1775053421635.jpg','/static/songs/Collapsing World_Lightscape.mp3','2026-04-01 22:23:42','mp3',NULL,NULL,'24740f63afac55567a4333c31940402a'),(23,'Cornfield Chase 原野追逐','汉斯·季默','我的收藏','2.20MB',1,'Admin',127,95,'/static/song_covers/Cornfield Chase 原野追逐_汉斯·季默_1775053421641.jpg','/static/songs/Cornfield Chase 原野追逐_汉斯·季默.mp3','2026-04-01 22:23:42','mp3',NULL,NULL,'6d2783b242ceedfb1acf085a684c9382'),(24,'Counter Attack-Mankind','泽野弘之','我的收藏','4.33MB',1,'Admin',292,107,'/static/song_covers/Counter Attack-Mankind_泽野弘之_1775053421648.jpg','/static/songs/Counter Attack-Mankind_泽野弘之.mp3','2026-04-01 22:23:42','mp3',NULL,NULL,'080ab19a4572b79284dcad8cd203a5b9'),(25,'Counter Strike','p5s','我的收藏','4.48MB',1,'Admin',305,121,'/static/song_covers/Counter Strike_p5s_1775053421653.jpg','/static/songs/Counter Strike_p5s.mp3','2026-04-01 22:23:42','mp3',NULL,NULL,'14b979d65e440fe7dcc96e6d0e0c79a6'),(26,'crybaby','Seto','我的收藏','3.00MB',1,'Admin',141,116,'/static/song_covers/crybaby_Seto_1775053421660.jpg','/static/songs/crybaby_Seto.mp3','2026-04-01 22:23:42','mp3',NULL,NULL,'85f7f1b711f2a15002cab977f5d12b93'),(27,'Daylight','Seredris','我的收藏','2.74MB',1,'Admin',161,129,'/static/song_covers/Daylight_Seredris_1775053421665.jpg','/static/songs/Daylight_Seredris.mp3','2026-04-01 22:23:42','mp3',NULL,NULL,'9f32d43ac40408cc80e7fe0f4146fb4c'),(28,'Ephemeral Memories','MoreanP','我的收藏','4.20MB',1,'Admin',235,134,'/static/song_covers/Ephemeral Memories_MoreanP_1775053421671.jpg','/static/songs/Ephemeral Memories_MoreanP.mp3','2026-04-01 22:23:42','mp3',NULL,NULL,'9ed5fdbecf2b2e0dcdb64f0fa75838f0'),(29,'Episode 33(chunyinyue)','she her her hers','我的收藏','2.30MB',1,'Admin',256,72,'/static/song_covers/Episode 33(chunyinyue)_she her her hers_1775053421678.jpg','/static/songs/Episode 33(chunyinyue)_she her her hers.mp3','2026-04-01 22:23:42','mp3',NULL,NULL,'6943da4ef2c05b488b0a2f8058a9b800'),(30,'Euphoria','SmYang','我的收藏','2.98MB',1,'Admin',203,86,'/static/song_covers/Euphoria_SmYang_1775053421684.jpg','/static/songs/Euphoria_SmYang.mp3','2026-04-01 22:23:42','mp3',NULL,NULL,'dd95dfec972883b84b6c347296020174'),(31,'Eutopia','Yooh','我的收藏','4.67MB',1,'Admin',293,120,'/static/song_covers/Eutopia_Yooh_1775053421690.jpg','/static/songs/Eutopia_Yooh.mp3','2026-04-01 22:23:42','mp3',NULL,NULL,'630d01926996eb760d2360ace5ac2bfe'),(32,'Fake Love','vlhs','我的收藏','3.51MB',1,'Admin',242,120,'/static/song_covers/Fake Love_vlhs_1775053421695.jpg','/static/songs/Fake Love_vlhs.mp3','2026-04-01 22:23:42','mp3',NULL,NULL,'af3611ef6cb7b5d07df4a7641b5773dd'),(33,'Feeling The Rain','MoreanP','我的收藏','3.83MB',1,'Admin',242,120,'/static/song_covers/Feeling The Rain_MoreanP_1775053421701.jpg','/static/songs/Feeling The Rain_MoreanP.mp3','2026-04-01 22:23:42','mp3',NULL,NULL,'5951a733029b4b71faf0a0c9caeaa012'),(34,'Flower Dance','DJ OKAWARI','我的收藏','3.99MB',1,'Admin',263,126,'/static/song_covers/Flower Dance_DJ OKAWARI_1775053421707.jpg','/static/songs/Flower Dance_DJ OKAWARI.mp3','2026-04-01 22:23:42','mp3',NULL,NULL,'108f2055a617d45cde29a8c91b270b58'),(35,'Forest Mixtape','christina kuong','我的收藏','2.08MB',1,'Admin',140,117,'/static/song_covers/Forest Mixtape_christina kuong_1775053421713.jpg','/static/songs/Forest Mixtape_christina kuong.mp3','2026-04-01 22:23:42','mp3',NULL,NULL,'72354cad45fc303a2b6f483d2694d6f2'),(36,'fterglow','Saiakoup','我的收藏','2.55MB',1,'Admin',162,111,'/static/song_covers/fterglow_Saiakoup_1775053421719.jpg','/static/songs/fterglow_Saiakoup.mp3','2026-04-01 22:23:42','mp3',NULL,NULL,'4afbe5dfd27b6dc6d8a5bdff49257593'),(37,'Garden of Lucy(露西的花园)','Maple暖枫','我的收藏','2.56MB',1,'Admin',202,102,'/static/song_covers/Garden of Lucy(露西的花园)_Maple暖枫_1775053421725.jpg','/static/songs/Garden of Lucy(露西的花园)_Maple暖枫.mp3','2026-04-01 22:23:42','mp3',NULL,NULL,'bde3b2eb457ddf2a150a1d2a82671bcf'),(38,'Gypsophila','MoreanP','我的收藏','4.63MB',1,'Admin',247,144,'/static/song_covers/Gypsophila_MoreanP_1775053421730.jpg','/static/songs/Gypsophila_MoreanP.mp3','2026-04-01 22:23:42','mp3',NULL,NULL,'a9559585c33378ffa0bf1cd4507f4054'),(39,'hacking to the gate','命运石之门','我的收藏','7.97MB',1,'Admin',255,261,'','/static/songs/hacking to the gate_命运石之门.mp3','2026-04-01 22:23:42','mp3',NULL,NULL,'8c52f0f038310f3074f3accdd3e685b5'),(40,'Heart linked(心弦)','Jannik','我的收藏','3.91MB',1,'Admin',230,131,'/static/song_covers/Heart linked(心弦)_Jannik_1775053421741.jpg','/static/songs/Heart linked(心弦)_Jannik.mp3','2026-04-01 22:23:42','mp3',NULL,NULL,'b4b04e10b0d88d8a55910e7771cad3ac'),(41,'His Theme','传说之下','我的收藏','2.29MB',1,'Admin',121,129,'/static/song_covers/His Theme_传说之下_1775053421747.jpg','/static/songs/His Theme_传说之下.mp3','2026-04-01 22:23:42','mp3',NULL,NULL,'d0fef43766a84a3544630450a1c5cee0'),(42,'I believe','p5r','我的收藏','4.86MB',1,'Admin',271,129,'/static/song_covers/I believe_p5r_1775053421753.jpg','/static/songs/I believe_p5r.mp3','2026-04-01 22:23:42','mp3',NULL,NULL,'a42b049ac35e57b9e406b52bc1fabe0e'),(43,'i still think of you','Emptiness','我的收藏','1.14MB',1,'Admin',86,98,'/static/song_covers/i still think of you_Emptiness_1775053421759.jpg','/static/songs/i still think of you_Emptiness.mp3','2026-04-01 22:23:42','mp3',NULL,NULL,'b5b25bc95f7ec0891bb3835f10a50d6e'),(44,'it\'s 6pm but I miss u already','bluelee','我的收藏','2.92MB',1,'Admin',182,99,'/static/song_covers/it\'s 6pm but I miss u already_bluelee_1775053421765.jpg','/static/songs/it\'s 6pm but I miss u already_bluelee.mp3','2026-04-01 22:23:42','mp3',NULL,NULL,'137781733b6097cd75a27e1088dd22c0'),(45,'it`s your birthday','叁X','我的收藏','6.80MB',1,'Admin',177,320,'/static/song_covers/it`s your birthday_叁X_1775053421772.jpg','/static/songs/it`s your birthday_叁X.mp3','2026-04-01 22:23:42','mp3',NULL,NULL,'09384cef108592001abca0867b85a488'),(46,'Kilig','CMJ','我的收藏','3.36MB',1,'Admin',203,118,'/static/song_covers/Kilig_CMJ_1775053421778.jpg','/static/songs/Kilig_CMJ.mp3','2026-04-01 22:23:42','mp3',NULL,NULL,'982c2ba4311095ef18093af415de65b7'),(47,'kiss the rain','Yiruma','我的收藏','3.93MB',1,'Admin',302,104,'/static/song_covers/kiss the rain_Yiruma_1775053421784.jpg','/static/songs/kiss the rain_Yiruma.mp3','2026-04-01 22:23:42','mp3',NULL,NULL,'e8a0ed1db02b8f0877bb701da242af41'),(48,'Komorebi','田雄理秀','我的收藏','3.38MB',1,'Admin',212,132,'/static/song_covers/Komorebi_田雄理秀_1775053421790.jpg','/static/songs/Komorebi_田雄理秀.mp3','2026-04-01 22:23:42','mp3',NULL,NULL,'70be6dceb816582ddff3a5ab27ee6273'),(49,'Life Will Change','p5r','我的收藏','4.99MB',1,'Admin',259,141,'/static/song_covers/Life Will Change_p5r_1775053421796.jpg','/static/songs/Life Will Change_p5r.mp3','2026-04-01 22:23:42','mp3',NULL,NULL,'aba5fb762251a688b5f8677d7ff604a7'),(50,'Lifeline','六翼使徒','我的收藏','4.89MB',1,'Admin',314,128,'/static/song_covers/Lifeline_六翼使徒_1775053421803.jpg','/static/songs/Lifeline_六翼使徒.mp3','2026-04-01 22:23:42','mp3',NULL,NULL,'4be62349518291326645861e88b6bad8'),(51,'Light of Nibel','ori','我的收藏','3.57MB',1,'Admin',259,98,'/static/song_covers/Light of Nibel_ori _1775053421808.jpg','/static/songs/Light of Nibel_ori .mp3','2026-04-01 22:23:42','mp3',NULL,NULL,'95b265b86da846b7dcbf536494c6c695'),(52,'MELANCHOLY','White Cherry','我的收藏','2.85MB',1,'Admin',258,88,'/static/song_covers/MELANCHOLY_White Cherry_1775053421815.jpg','/static/songs/MELANCHOLY_White Cherry.mp3','2026-04-01 22:23:42','mp3',NULL,NULL,'166444384eb6d3bcd7770f328c256e70'),(53,'Merry Christmas Mr. Lawrence','坂本龙一','我的收藏','5.69MB',1,'Admin',335,114,'/static/song_covers/Merry Christmas Mr. Lawrence_坂本龙一_1775053421821.jpg','/static/songs/Merry Christmas Mr. Lawrence_坂本龙一.mp3','2026-04-01 22:23:42','mp3',NULL,NULL,'adc7e888719f8a3aa7565d1399ab673f'),(54,'midsummer','Maple暖枫','我的收藏','3.77MB',1,'Admin',218,105,'/static/song_covers/midsummer_Maple暖枫_1775053421828.jpg','/static/songs/midsummer_Maple暖枫.mp3','2026-04-01 22:23:42','mp3',NULL,NULL,'9ed24fdea555923fb9f81339c742cc97'),(55,'Moon and You','Kryust','我的收藏','2.52MB',1,'Admin',203,101,'/static/song_covers/Moon and You_Kryust_1775053421835.jpg','/static/songs/Moon and You_Kryust.mp3','2026-04-01 22:23:42','mp3',NULL,NULL,'6ede5d87b3a01b9faa1cd519e4e734e9'),(56,'My Soul','July','我的收藏','3.93MB',1,'Admin',230,120,'/static/song_covers/My Soul_July_1775053421842.jpg','/static/songs/My Soul_July.mp3','2026-04-01 22:23:42','mp3',NULL,NULL,'cec171f8186e96515731a491299b636e'),(57,'Night Cruising(夜间巡航)','Vesselax','我的收藏','1.94MB',1,'Admin',126,116,'/static/song_covers/Night Cruising(夜间巡航)_Vesselax_1775053421848.jpg','/static/songs/Night Cruising(夜间巡航)_Vesselax.mp3','2026-04-01 22:23:42','mp3',NULL,NULL,'56f0a7553c37715b122c7e243f062def'),(58,'Normal No More(小提琴violin)','Strictlyviolin荀博','我的收藏','2.35MB',1,'Admin',153,126,'/static/song_covers/Normal No More(小提琴violin)_Strictlyviolin荀博 _1775053421853.jpg','/static/songs/Normal No More(小提琴violin)_Strictlyviolin荀博 .mp3','2026-04-01 22:23:42','mp3',NULL,NULL,'0ce19001cd8170e3469f415f69ee62e4'),(59,'Normal No More','TYSM','我的收藏','3.64MB',1,'Admin',205,124,'/static/song_covers/Normal No More_TYSM_1775053421859.jpg','/static/songs/Normal No More_TYSM.mp3','2026-04-01 22:23:42','mp3',NULL,NULL,'87ac5898043471581dac275f877597d6'),(60,'Old Memory','蓝云木','我的收藏','2.79MB',1,'Admin',190,118,'/static/song_covers/Old Memory_蓝云木_1775053421865.jpg','/static/songs/Old Memory_蓝云木.mp3','2026-04-01 22:23:42','mp3',NULL,NULL,'622a5bb7f9d8144c9f44402a2d1566c5'),(61,'Past Lives','Sapientdream','我的收藏','1.91MB',1,'Admin',134,110,'/static/song_covers/Past Lives_Sapientdream_1775053421870.jpg','/static/songs/Past Lives_Sapientdream.mp3','2026-04-01 22:23:42','mp3',NULL,NULL,'fbdd57093ee293be7b438cb3ae5dd3ec'),(62,'Please Don\'t Go','Joe Adams','我的收藏','3.23MB',1,'Admin',213,121,'/static/song_covers/Please Don\'t Go_Joe Adams_1775053421876.jpg','/static/songs/Please Don\'t Go_Joe Adams.mp3','2026-04-01 22:23:42','mp3',NULL,NULL,'c05c351d997a8a4271a0ccf0b0f21f7a'),(63,'Rain after Summer','羽肿','我的收藏','7.16MB',1,'Admin',344,133,'/static/song_covers/Rain after Summer_羽肿_1775053421883.jpg','/static/songs/Rain after Summer_羽肿.mp3','2026-04-01 22:23:42','mp3',NULL,NULL,'18a0019dfcfb52b242ff1a482dc4f1ac'),(64,'Rainy Blue (蓝色阴雨)','饭碗的彼岸,夜莺与玫瑰','我的收藏','4.74MB',1,'Admin',266,141,'/static/song_covers/Rainy Blue (蓝色阴雨)_饭碗的彼岸,夜莺与玫瑰_1775053421890.jpg','/static/songs/Rainy Blue (蓝色阴雨)_饭碗的彼岸,夜莺与玫瑰.mp3','2026-04-01 22:23:42','mp3',NULL,NULL,'ece2515d32d0bcef78f7ffaeb99a3456'),(65,'Rainy Dumplings','饭碗的彼岸','我的收藏','5.50MB',1,'Admin',311,140,'/static/song_covers/Rainy Dumplings_饭碗的彼岸_1775053421896.jpg','/static/songs/Rainy Dumplings_饭碗的彼岸.mp3','2026-04-01 22:23:42','mp3',NULL,NULL,'b6fa0294af3f04434078db4ecb9e6807'),(66,'rainy stars','Maple暖枫','我的收藏','2.72MB',1,'Admin',216,99,'/static/song_covers/rainy stars_Maple暖枫_1775053421902.jpg','/static/songs/rainy stars_Maple暖枫.mp3','2026-04-01 22:23:42','mp3',NULL,NULL,'6f9271e5c2602bc49ece1d007a203174'),(67,'Rainy Whisper','林玥风龄、SHRYKI-星韵雨','我的收藏','11.32MB',1,'Admin',296,320,'','/static/songs/Rainy Whisper_林玥风龄、SHRYKI-星韵雨.mp3','2026-04-01 22:23:42','mp3',NULL,NULL,'53254f4360482faefdc3bd8617f285d4'),(68,'Right Here Waiting','bandari','我的收藏','3.64MB',1,'Admin',247,117,'/static/song_covers/Right Here Waiting_bandari_1775053421912.jpg','/static/songs/Right Here Waiting_bandari.mp3','2026-04-01 22:23:42','mp3',NULL,NULL,'f3ad333ce55697b689e6f0c862283d28'),(69,'rise','lol','我的收藏','3.47MB',1,'Admin',193,129,'/static/song_covers/rise_lol_1775053421917.jpg','/static/songs/rise_lol.mp3','2026-04-01 22:23:42','mp3',NULL,NULL,'005b92269a076d87df3414a467616e7b'),(70,'Rivers In the Desert','p5r','我的收藏','6.03MB',1,'Admin',315,139,'/static/song_covers/Rivers In the Desert_p5r_1775053421924.jpg','/static/songs/Rivers In the Desert_p5r.mp3','2026-04-01 22:23:42','mp3',NULL,NULL,'a3066c4e8d0ab0e0cd1c6b19443cdc5c'),(71,'Sacred Play Secret Place(治愈)','Matryoshka','我的收藏','2.16MB',1,'Admin',209,68,'/static/song_covers/Sacred Play Secret Place(治愈)_Matryoshka_1775053421930.jpg','/static/songs/Sacred Play Secret Place(治愈)_Matryoshka.mp3','2026-04-01 22:23:42','mp3',NULL,NULL,'aeeea98136967cb7103f0a471e694f32'),(72,'Sacred Play Secret Place','Matryoshka','我的收藏','4.88MB',1,'Admin',317,117,'/static/song_covers/Sacred Play Secret Place_Matryoshka_1775053421936.jpg','/static/songs/Sacred Play Secret Place_Matryoshka.mp3','2026-04-01 22:23:42','mp3',NULL,NULL,'d99cc335285a78aced161f897cf1de89'),(73,'Sample this','小鱼拖地','我的收藏','2.88MB',1,'Admin',204,111,'/static/song_covers/Sample this_小鱼拖地_1775053421942.jpg','/static/songs/Sample this_小鱼拖地.mp3','2026-04-01 22:23:42','mp3',NULL,NULL,'a1ccd73f619c65f551649a71012bc963'),(74,'somewhere','july','我的收藏','3.72MB',1,'Admin',229,132,'/static/song_covers/somewhere_july_1775053421949.jpg','/static/songs/somewhere_july.mp3','2026-04-01 22:23:42','mp3',NULL,NULL,'bf9adc8f85994cf024e1e2460ae41b65'),(75,'Somnambulating','羽肿','我的收藏','5.47MB',1,'Admin',320,141,'/static/song_covers/Somnambulating_羽肿_1775053421956.jpg','/static/songs/Somnambulating_羽肿.mp3','2026-04-01 22:23:42','mp3',NULL,NULL,'7dbc298f6aa6eab80ddba3cc6125fc67'),(76,'Story of us','July','我的收藏','3.97MB',1,'Admin',244,130,'/static/song_covers/Story of us_July_1775053421962.jpg','/static/songs/Story of us_July.mp3','2026-04-01 22:23:42','mp3',NULL,NULL,'b8eebfbd86cbd8ecfb53039325c9a9b2'),(77,'Stray','Feint','我的收藏','3.83MB',1,'Admin',247,124,'/static/song_covers/Stray_Feint_1775053421967.jpg','/static/songs/Stray_Feint.mp3','2026-04-01 22:23:42','mp3',NULL,NULL,'53f37e8395a70999f903a98d5c102f92'),(78,'Summer','久石让','我的收藏','2.29MB',1,'Admin',153,101,'/static/song_covers/Summer_久石让_1775053421973.jpg','/static/songs/Summer_久石让.mp3','2026-04-01 22:23:42','mp3',NULL,NULL,'5d781a715bffeef028ed450a12565173'),(79,'The Rebel Path','cyberpunk2077','我的收藏','3.78MB',1,'Admin',250,121,'/static/song_covers/The Rebel Path_cyberpunk2077_1775053421980.jpg','/static/songs/The Rebel Path_cyberpunk2077.mp3','2026-04-01 22:23:42','mp3',NULL,NULL,'d4ebc50ae5508c9f8faad7d322fb1427'),(80,'The Truth That You Leave','高至豪','我的收藏','3.10MB',1,'Admin',222,113,'/static/song_covers/The Truth That You Leave_高至豪_1775053421987.jpg','/static/songs/The Truth That You Leave_高至豪.mp3','2026-04-01 22:23:42','mp3',NULL,NULL,'9949ae6873046286abd4ec48fc7ebf7c'),(81,'The Way I Still Love You','Alisa','我的收藏','2.72MB',1,'Admin',153,122,'/static/song_covers/The Way I Still Love You_Alisa_1775053421993.jpg','/static/songs/The Way I Still Love You_Alisa.mp3','2026-04-01 22:23:42','mp3',NULL,NULL,'cac2dcea0da77e5d6a4af1e6e52bad8a'),(82,'The Way I Still Love You','Reynard Silva','我的收藏','3.56MB',1,'Admin',227,128,'/static/song_covers/The Way I Still Love You_Reynard Silva_1775053422000.jpg','/static/songs/The Way I Still Love You_Reynard Silva.mp3','2026-04-01 22:23:42','mp3',NULL,NULL,'8c9f03c9563147747515ea5bc102e6f8'),(83,'Time is broken','xxx','我的收藏','3.28MB',1,'Admin',188,130,'/static/song_covers/Time is broken_xxx_1775053422007.jpg','/static/songs/Time is broken_xxx.mp3','2026-04-01 22:23:42','mp3',NULL,NULL,'e23a92882672172452876cfeb8b9bab0'),(84,'Time Stop','BLACKDD&CYTEAM&PICK&知晏','我的收藏','3.42MB',1,'Admin',208,129,'/static/song_covers/Time Stop_BLACKDD&CYTEAM&PICK&知晏_1775053422013.jpg','/static/songs/Time Stop_BLACKDD&CYTEAM&PICK&知晏.mp3','2026-04-01 22:23:42','mp3',NULL,NULL,'2396ce475260bb25b20eb4e3df9c82a0'),(85,'Time To Love','October','我的收藏','3.94MB',1,'Admin',240,108,'/static/song_covers/Time To Love_October_1775053422019.jpg','/static/songs/Time To Love_October.mp3','2026-04-01 22:23:42','mp3',NULL,NULL,'81aed5da77098affada7d4f54b47b88a'),(86,'Timelooper','Jannik','我的收藏','5.35MB',1,'Admin',308,142,'/static/song_covers/Timelooper_Jannik_1775053422025.jpg','/static/songs/Timelooper_Jannik.mp3','2026-04-01 22:23:42','mp3',NULL,NULL,'6263bd6bfbdd0b5f0aa8a8a03e5f3a25'),(87,'Towards the Light','jacoo','我的收藏','3.85MB',1,'Admin',237,123,'/static/song_covers/Towards the Light_jacoo_1775053422033.jpg','/static/songs/Towards the Light_jacoo.mp3','2026-04-01 22:23:42','mp3',NULL,NULL,'f63ab331a4f754ffdfc73b36489f5cce'),(88,'Town of Windmill','a','我的收藏','2.27MB',1,'Admin',142,111,'/static/song_covers/Town of Windmill_a_hisa_1775053422039.jpg','/static/songs/Town of Windmill_a_hisa.mp3','2026-04-01 22:23:42','mp3',NULL,NULL,'0aab434fb0b7fe4a943eae84003c079d'),(89,'Track in Time(追溯时光)','Dennis Kuo','我的收藏','3.99MB',1,'Admin',318,97,'/static/song_covers/Track in Time(追溯时光)_Dennis Kuo_1775053422045.jpg','/static/songs/Track in Time(追溯时光)_Dennis Kuo.mp3','2026-04-01 22:23:42','mp3',NULL,NULL,'03079ae33d4006e75275f56aba7dfe8f'),(90,'two as one','未知作家','我的收藏','4.35MB',1,'Admin',262,131,'/static/song_covers/two as one_未知作家_1775053422051.jpg','/static/songs/two as one_未知作家.mp3','2026-04-01 22:23:42','mp3',NULL,NULL,'d12a0eba3d205badee339004672cc997'),(91,'Ultra Fly','zero','我的收藏','3.83MB',1,'Admin',230,130,'/static/song_covers/Ultra Fly_zero_1775053422057.jpg','/static/songs/Ultra Fly_zero.mp3','2026-04-01 22:23:42','mp3',NULL,NULL,'211538f2215784b9dc23d014ffed9a7f'),(92,'Una Mattina','intouchables','我的收藏','5.41MB',1,'Admin',402,108,'/static/song_covers/Una Mattina_intouchables_1775053422063.jpg','/static/songs/Una Mattina_intouchables.mp3','2026-04-01 22:23:42','mp3',NULL,NULL,'593eb21f37e6e152cc59fdfadafbd4eb'),(93,'under the sea','Arealy仁辰&南有乔木','我的收藏','3.08MB',1,'Admin',208,120,'/static/song_covers/under the sea_Arealy仁辰&南有乔木_1775053422069.jpg','/static/songs/under the sea_Arealy仁辰&南有乔木.mp3','2026-04-01 22:23:42','mp3',NULL,NULL,'10cc7db3cf4652fc087d2425ac898f61'),(94,'vagrant','feint-veela','我的收藏','3.98MB',1,'Admin',268,123,'/static/song_covers/vagrant_feint-veela_1775053422075.jpg','/static/songs/vagrant_feint-veela.mp3','2026-04-01 22:23:42','mp3',NULL,NULL,'8302a271924520180d94b69718705d7b'),(95,'We Are  Wonders of Existence','Madza','我的收藏','3.48MB',1,'Admin',214,134,'/static/song_covers/We Are  Wonders of Existence_Madza_1775053422082.jpg','/static/songs/We Are  Wonders of Existence_Madza.mp3','2026-04-01 22:23:42','mp3',NULL,NULL,'cef60b37c1508ed63d13ee5556d5ba3f'),(96,'We Don\'t Talk Anymore','Charlie PuthSelena Gomez','我的收藏','4.11MB',1,'Admin',219,140,'/static/song_covers/We Don\'t Talk Anymore_Charlie PuthSelena Gomez_1775053422088.jpg','/static/songs/We Don\'t Talk Anymore_Charlie PuthSelena Gomez.mp3','2026-04-01 22:23:42','mp3',NULL,NULL,'b712534af00f6b58ea0ff883fbad2449'),(97,'what are words','Chris Medina','我的收藏','3.03MB',1,'Admin',184,130,'/static/song_covers/what are words_Chris Medina_1775053422094.jpg','/static/songs/what are words_Chris Medina.mp3','2026-04-01 22:23:42','mp3',NULL,NULL,'4f49682dba539a731e37ae73b55beba3'),(98,'Windy Hill','羽肿','我的收藏','5.47MB',1,'Admin',308,138,'/static/song_covers/Windy Hill_羽肿_1775053422101.jpg','/static/songs/Windy Hill_羽肿.mp3','2026-04-01 22:23:42','mp3',NULL,NULL,'d9e7de8e7c598b9e49ce6d25e7e388b6'),(99,'Улетали птицами гордыми','double x','我的收藏','3.25MB',1,'Admin',228,114,'/static/song_covers/Улетали птицами гордыми_double x_1775053422107.jpg','/static/songs/Улетали птицами гордыми_double x.mp3','2026-04-01 22:23:42','mp3',NULL,NULL,'a00ad2021b6b6a1d74e71e45c37c6e66'),(100,'ᐇ','Seto','我的收藏','1.19MB',1,'Admin',84,112,'/static/song_covers/ᐇ_Seto_1775053422113.jpg','/static/songs/ᐇ_Seto.mp3','2026-04-01 22:23:42','mp3',NULL,NULL,'28dad4ea915cac488c29f0bfbcda3d5b'),(101,'【FREE】lucky','Selde4cash','我的收藏','1.53MB',1,'Admin',142,77,'/static/song_covers/【FREE】lucky_Selde4cash_1775053422119.jpg','/static/songs/【FREE】lucky_Selde4cash.mp3','2026-04-01 22:23:42','mp3',NULL,NULL,'22e9111392ebf668dd17a68ea3b219e5'),(102,'ヤキモチ','高桥优','我的收藏','5.15MB',1,'Admin',315,130,'/static/song_covers/ヤキモチ_高桥优_1775053422125.jpg','/static/songs/ヤキモチ_高桥优.mp3','2026-04-01 22:23:42','mp3',NULL,NULL,'1d9179418764cd016cb420dc98eeb366'),(103,'三葉のテーマ（三叶的主题曲)','RADWIMPS','我的收藏','2.95MB',1,'Admin',245,96,'/static/song_covers/三葉のテーマ（三叶的主题曲)_RADWIMPS_1775053422131.jpg','/static/songs/三葉のテーマ（三叶的主题曲)_RADWIMPS.mp3','2026-04-01 22:23:42','mp3',NULL,NULL,'f74b2f71f6cba33e40d6beee6d1a01fe'),(104,'下潜 - 川青⧸Morerare『总煽情的很突然 询问路人要观后感』（动态歌词⧸Lyrics Video） [BV1Lr4y1D73u]','未知歌手','我的收藏','3.25MB',1,'Admin',217,111,'/static/song_covers/下潜 - 川青⧸Morerare『总煽情的很突然 询问路人要观后感』（动态歌词⧸Lyrics Video） [BV1Lr4y1D73u]_1775053422137.jpg','/static/songs/下潜 - 川青⧸Morerare『总煽情的很突然 询问路人要观后感』（动态歌词⧸Lyrics Video） [BV1Lr4y1D73u].mp3','2026-04-01 22:23:42','mp3',NULL,NULL,'a18de55b73dafbce59ec6e3f6df59234'),(105,'不同的心脏 相同的頻率','hea2tside','我的收藏','7.03MB',1,'Admin',181,320,'/static/song_covers/不同的心脏 相同的頻率_hea2tside_1775053422142.jpg','/static/songs/不同的心脏 相同的頻率_hea2tside.mp3','2026-04-01 22:23:42','mp3',NULL,NULL,'e00dd34a0bbc34020c6fd5aea21d5c7f'),(106,'不要死在那个夏天','豆糕p','我的收藏','1.31MB',1,'Admin',90,109,'/static/song_covers/不要死在那个夏天_豆糕p_1775053422149.jpg','/static/songs/不要死在那个夏天_豆糕p.mp3','2026-04-01 22:23:42','mp3',NULL,NULL,'057ff6c748de6964e8adc5f2608fd187'),(107,'与光同尘','逆时针向','我的收藏','3.06MB',1,'Admin',208,116,'/static/song_covers/与光同尘_逆时针向_1775053422157.jpg','/static/songs/与光同尘_逆时针向.mp3','2026-04-01 22:23:42','mp3',NULL,NULL,'eae5556f0e54cdfb7e0740302b0c8524'),(108,'临安初雨','水浒Q传游戏音乐','我的收藏','2.08MB',1,'Admin',120,137,'/static/song_covers/临安初雨_水浒Q传游戏音乐_1775053422163.jpg','/static/songs/临安初雨_水浒Q传游戏音乐.mp3','2026-04-01 22:23:42','mp3',NULL,NULL,'8e7ed7349dd7da47578f54abbeaf770f'),(109,'为霜','羽肿','我的收藏','4.25MB',1,'Admin',297,116,'/static/song_covers/为霜_羽肿_1775053422170.jpg','/static/songs/为霜_羽肿.mp3','2026-04-01 22:23:42','mp3',NULL,NULL,'83dd892fe66560e6f7ebd9a9a799f504'),(110,'云村的告别','邱有句','我的收藏','7.41MB',1,'Admin',264,110,'/static/song_covers/云村的告别_邱有句_1775053422178.jpg','/static/songs/云村的告别_邱有句.mp3','2026-04-01 22:23:42','mp3',NULL,NULL,'988c7f0804988537483a8497b0bb1924'),(111,'五月雨','高梨康治','我的收藏','3.88MB',1,'Admin',205,131,'/static/song_covers/五月雨_高梨康治_1775053422186.jpg','/static/songs/五月雨_高梨康治.mp3','2026-04-01 22:23:42','mp3',NULL,NULL,'a6eb227fe6abf4de642bcab69e725882'),(112,'人间蜉蝣','徐深','我的收藏','2.24MB',1,'Admin',142,113,'/static/song_covers/人间蜉蝣_徐深_1775053422193.jpg','/static/songs/人间蜉蝣_徐深.mp3','2026-04-01 22:23:42','mp3',NULL,NULL,'05002a88d153b8577ac646721c62d6b2'),(113,'仲夏夜之梦','Nyaameow','我的收藏','1.37MB',1,'Admin',89,110,'/static/song_covers/仲夏夜之梦_Nyaameow_1775053422200.jpg','/static/songs/仲夏夜之梦_Nyaameow.mp3','2026-04-01 22:23:42','mp3',NULL,NULL,'7f91c39d2f1e532491d61ece42d96078'),(114,'仲夏物语','茶青','我的收藏','3.77MB',1,'Admin',221,131,'/static/song_covers/仲夏物语_茶青_1775053422208.jpg','/static/songs/仲夏物语_茶青.mp3','2026-04-01 22:23:42','mp3',NULL,NULL,'ab2912aa77bc4f3605f08531ea2be302'),(115,'仲夏的凉风','hea2t','我的收藏','2.47MB',1,'Admin',160,122,'/static/song_covers/仲夏的凉风_hea2t_1775053422215.jpg','/static/songs/仲夏的凉风_hea2t.mp3','2026-04-01 22:23:42','mp3',NULL,NULL,'42e59eade1ef7e06cb54635e925432a3'),(116,'似水流年·落樱','皓','我的收藏','1.51MB',1,'Admin',105,110,'/static/song_covers/似水流年·落樱_皓_1775053422221.jpg','/static/songs/似水流年·落樱_皓.mp3','2026-04-01 22:23:42','mp3',NULL,NULL,'f385c299b2e4382d6b684ed6ca4d4bc4'),(117,'你有听过那位传奇的故事吗','笔龙XDDD [BV1eD4y1B7qD]','我的收藏','2.11MB',1,'Admin',130,128,'/static/song_covers/你有听过那位传奇的故事吗_笔龙XDDD [BV1eD4y1B7qD]_1775053422228.jpg','/static/songs/你有听过那位传奇的故事吗_笔龙XDDD [BV1eD4y1B7qD].mp3','2026-04-01 22:23:42','mp3',NULL,NULL,'cb3521d0d23bb2e311467a34edad926a'),(118,'像鱼','王贰浪“','我的收藏','4.32MB',1,'Admin',285,120,'/static/song_covers/像鱼_王贰浪“_1775053422235.jpg','/static/songs/像鱼_王贰浪“.mp3','2026-04-01 22:23:42','mp3',NULL,NULL,'954c2bc80b9194b3ba295c3e21fad9d4'),(119,'兰亭序','周杰伦','我的收藏','3.85MB',1,'Admin',256,125,'/static/song_covers/兰亭序_周杰伦_1775053422241.jpg','/static/songs/兰亭序_周杰伦.mp3','2026-04-01 22:23:42','mp3',NULL,NULL,'47328e7cc2c04203c03517eadb6d47e7'),(120,'冬眠','司南','我的收藏','3.98MB',1,'Admin',270,118,'/static/song_covers/冬眠_司南_1775053422249.jpg','/static/songs/冬眠_司南.mp3','2026-04-01 22:23:42','mp3',NULL,NULL,'03b1b72603ee58ad6c491ac5f0db7a72'),(121,'出山','花粥-王胜娚','我的收藏','3.55MB',1,'Admin',202,137,'/static/song_covers/出山_花粥-王胜娚_1775053422256.jpg','/static/songs/出山_花粥-王胜娚.mp3','2026-04-01 22:23:42','mp3',NULL,NULL,'65fa2d65041c68ff07a3ca0c6797123e'),(122,'初夏的风','Hea2t','我的收藏','3.37MB',1,'Admin',208,119,'/static/song_covers/初夏的风_Hea2t_1775053422264.jpg','/static/songs/初夏的风_Hea2t.mp3','2026-04-01 22:23:42','mp3',NULL,NULL,'6ae7eeea7c37a263b4e4b9ee86060213'),(123,'别(Stirngs)','吴宇深','我的收藏','4.05MB',1,'Admin',238,106,'/static/song_covers/别(Stirngs)_吴宇深_1775053422271.jpg','/static/songs/别(Stirngs)_吴宇深.mp3','2026-04-01 22:23:42','mp3',NULL,NULL,'6c9e7d09bea8389e8b11d56b3f26b6ce'),(124,'别念','funton','我的收藏','3.83MB',1,'Admin',235,128,'/static/song_covers/别念_funton_1775053422279.jpg','/static/songs/别念_funton.mp3','2026-04-01 22:23:42','mp3',NULL,NULL,'4fce45b49788ae2bb2369fbb383aa825'),(125,'十年人间','李常超','我的收藏','4.69MB',1,'Admin',277,136,'/static/song_covers/十年人间_李常超_1775053422286.jpg','/static/songs/十年人间_李常超.mp3','2026-04-01 22:23:42','mp3',NULL,NULL,'4a7aee47587004b8c146c461b57f7119'),(126,'千秋','古剑奇谭三','我的收藏','3.46MB',1,'Admin',193,125,'/static/song_covers/千秋_古剑奇谭三_1775053422294.jpg','/static/songs/千秋_古剑奇谭三.mp3','2026-04-01 22:23:42','mp3',NULL,NULL,'7fffa32ee1c822e4762cdf2fd29be791'),(127,'去年夏天','王大毛','我的收藏','4.27MB',1,'Admin',245,135,'/static/song_covers/去年夏天_王大毛_1775053422302.jpg','/static/songs/去年夏天_王大毛.mp3','2026-04-01 22:23:42','mp3',NULL,NULL,'b10d002c582bd6733252a427fa7bc1d5'),(128,'向晚之诗Ⅱ','寒柴⧸壹勺籽糖','我的收藏','2.98MB',1,'Admin',197,102,'/static/song_covers/向晚之诗Ⅱ_寒柴⧸壹勺籽糖_1775053422310.jpg','/static/songs/向晚之诗Ⅱ_寒柴⧸壹勺籽糖.mp3','2026-04-01 22:23:42','mp3',NULL,NULL,'9c025c6304e9773d8a1dfd1cfa8e6d36'),(129,'听雪楼默守','小里多','我的收藏','5.01MB',1,'Admin',190,114,'/static/song_covers/听雪楼默守_小里多_1775053422319.jpg','/static/songs/听雪楼默守_小里多.mp3','2026-04-01 22:23:42','mp3',NULL,NULL,'09ae01bced6a4e592cfbcced46060216'),(130,'告白の夜','Ayasa','我的收藏','7.53MB',1,'Admin',290,130,'/static/song_covers/告白の夜_Ayasa_1775053422337.jpg','/static/songs/告白の夜_Ayasa.mp3','2026-04-01 22:23:42','mp3',NULL,NULL,'f55d0467ef05634fe65ccc07b37d1f52'),(131,'和煦的糖果风','Candy','我的收藏','3.42MB',1,'Admin',183,107,'/static/song_covers/和煦的糖果风_Candy_Wind_1775053422353.jpg','/static/songs/和煦的糖果风_Candy_Wind.mp3','2026-04-01 22:23:42','mp3',NULL,NULL,'59a9cb280dd769a1433e3761a9293ef2'),(132,'哪吒','蔡翊昇','我的收藏','3.15MB',1,'Admin',192,121,'/static/song_covers/哪吒_蔡翊昇_1775053422363.jpg','/static/songs/哪吒_蔡翊昇.mp3','2026-04-01 22:23:42','mp3',NULL,NULL,'7c73530d531bad76b35d8553801f0ed5'),(133,'四季予你','程响','我的收藏','3.91MB',1,'Admin',248,125,'/static/song_covers/四季予你_程响_1775053422372.jpg','/static/songs/四季予你_程响.mp3','2026-04-01 22:23:42','mp3',NULL,NULL,'c15824b1545e141f6d8492f93024abae'),(134,'四月十一','BlackDD','我的收藏','2.63MB',1,'Admin',140,109,'/static/song_covers/四月十一_BlackDD_1775053422383.jpg','/static/songs/四月十一_BlackDD.mp3','2026-04-01 22:23:42','mp3',NULL,NULL,'8bf248a39edd6d2f1ff4d0f302960de3'),(135,'在飞行','金色大厅交响乐演奏星游记','我的收藏','1.87MB',1,'Admin',107,134,'/static/song_covers/在飞行_金色大厅交响乐演奏星游记_1775053422393.jpg','/static/songs/在飞行_金色大厅交响乐演奏星游记.mp3','2026-04-01 22:23:42','mp3',NULL,NULL,'aff7ddf1861862b5ada730d464502cee'),(136,'城南花已开','三亩地','我的收藏','5.08MB',1,'Admin',268,123,'/static/song_covers/城南花已开_三亩地_1775053422403.jpg','/static/songs/城南花已开_三亩地.mp3','2026-04-01 22:23:42','mp3',NULL,NULL,'58803bed164a0fe7f1e9ae41b96f600e'),(137,'夏·烟火','LIKPIA','我的收藏','3.25MB',1,'Admin',228,112,'/static/song_covers/夏·烟火_LIKPIA_1775053422414.jpg','/static/songs/夏·烟火_LIKPIA.mp3','2026-04-01 22:23:42','mp3',NULL,NULL,'510fbf067761affd7ce64c2b7c19db3a'),(138,'夏に花が散る (夏天花落)','羽肿','我的收藏','5.16MB',1,'Admin',284,133,'/static/song_covers/夏に花が散る (夏天花落)_羽肿_1775053422425.jpg','/static/songs/夏に花が散る (夏天花落)_羽肿.mp3','2026-04-01 22:23:42','mp3',NULL,NULL,'2f8b7b0328a5f1e78221d8f3676d85de'),(139,'夏の喚','邱有句','我的收藏','4.75MB',1,'Admin',296,127,'/static/song_covers/夏の喚_邱有句_1775053422437.jpg','/static/songs/夏の喚_邱有句.mp3','2026-04-01 22:23:42','mp3',NULL,NULL,'7f171e7b793ddd9d7c5c5da928e49356'),(140,'夏の夜 (夏夜)','凤凰院零零','我的收藏','3.36MB',1,'Admin',220,121,'/static/song_covers/夏の夜 (夏夜)_凤凰院零零_1775053422445.jpg','/static/songs/夏の夜 (夏夜)_凤凰院零零.mp3','2026-04-01 22:23:42','mp3',NULL,NULL,'47d75dbffd5f09ed8648d6e061901cb9'),(141,'夏の雪','Maple暖枫','我的收藏','4.22MB',1,'Admin',199,102,'/static/song_covers/夏の雪_Maple暖枫_1775053422455.jpg','/static/songs/夏の雪_Maple暖枫.mp3','2026-04-01 22:23:42','mp3',NULL,NULL,'71b4dc249e52379bbdefef5fff8835da'),(142,'夏恋','Otokaze','我的收藏','5.35MB',1,'Admin',266,134,'/static/song_covers/夏恋_Otokaze_1775053422468.jpg','/static/songs/夏恋_Otokaze.mp3','2026-04-01 22:23:42','mp3',NULL,NULL,'9bf1050de1893e827bb53c8696f5d70e'),(143,'多情种','要不要买菜','我的收藏','3.14MB',1,'Admin',214,117,'/static/song_covers/多情种_要不要买菜_1775053422480.jpg','/static/songs/多情种_要不要买菜.mp3','2026-04-01 22:23:42','mp3',NULL,NULL,'b378edf161774de49e0b9619c9bb87ec'),(144,'夜、萤火虫与你','Aniface','我的收藏','2.81MB',1,'Admin',189,102,'/static/song_covers/夜、萤火虫与你_Aniface_1775053422490.jpg','/static/songs/夜、萤火虫与你_Aniface.mp3','2026-04-01 22:23:42','mp3',NULL,NULL,'fdf9a785ee8e4153fd9affd48a2ffce2'),(145,'夜的钢琴曲5','石进','我的收藏','3.20MB',1,'Admin',214,122,'/static/song_covers/夜的钢琴曲5_石进_1775053422502.jpg','/static/songs/夜的钢琴曲5_石进.mp3','2026-04-01 22:23:43','mp3',NULL,NULL,'aab1bb728537440b5903cebf1d2a2edc'),(146,'夢と葉桜 (梦与叶樱)','青木月光⧸初音未来 (初音ミク)','我的收藏','3.58MB',1,'Admin',253,112,'/static/song_covers/夢と葉桜 (梦与叶樱)_青木月光⧸初音未来 (初音ミク)_1775053422512.jpg','/static/songs/夢と葉桜 (梦与叶樱)_青木月光⧸初音未来 (初音ミク).mp3','2026-04-01 22:23:43','mp3',NULL,NULL,'bf16e3375585ba92978dda7ec560b1bd'),(147,'天龙八部之宿敌','许嵩','我的收藏','5.31MB',1,'Admin',265,132,'/static/song_covers/天龙八部之宿敌_许嵩_1775053422521.jpg','/static/songs/天龙八部之宿敌_许嵩.mp3','2026-04-01 22:23:43','mp3',NULL,NULL,'c0a9c9cbfa15c15f5b2001ea22cf0eb6'),(148,'失真的梦','Maple暖枫','我的收藏','2.66MB',1,'Admin',195,110,'/static/song_covers/失真的梦_Maple暖枫_1775053422535.jpg','/static/songs/失真的梦_Maple暖枫.mp3','2026-04-01 22:23:43','mp3',NULL,NULL,'81eb183a096f00020fd9d28cbe8a95e1'),(149,'寂川','忘乡','我的收藏','4.85MB',1,'Admin',281,103,'/static/song_covers/寂川_忘乡_1775053422549.jpg','/static/songs/寂川_忘乡.mp3','2026-04-01 22:23:43','mp3',NULL,NULL,'54ac01a1e938d8e0129185a0ed77ebf5'),(150,'寄夏予你','MoreanP','我的收藏','4.81MB',1,'Admin',293,134,'/static/song_covers/寄夏予你_MoreanP_1775053422560.jpg','/static/songs/寄夏予你_MoreanP.mp3','2026-04-01 22:23:43','mp3',NULL,NULL,'5b839f8815c7dc6aa28eb6722fcca06c'),(151,'小宇','蓝心羽','我的收藏','3.99MB',1,'Admin',265,124,'/static/song_covers/小宇_蓝心羽_1775053422569.jpg','/static/songs/小宇_蓝心羽.mp3','2026-04-01 22:23:43','mp3',NULL,NULL,'064684f8b4b7aa30829907fe9dd16e8c'),(152,'小水鲸','Maple暖枫','我的收藏','2.78MB',1,'Admin',194,119,'/static/song_covers/小水鲸_Maple暖枫_1775053422581.jpg','/static/songs/小水鲸_Maple暖枫.mp3','2026-04-01 22:23:43','mp3',NULL,NULL,'6c41b9be46676febb36b0933044e0e2e'),(153,'尘埃','MoFeansy','我的收藏','2.66MB',1,'Admin',187,105,'/static/song_covers/尘埃_MoFeansy_1775053422593.jpg','/static/songs/尘埃_MoFeansy.mp3','2026-04-01 22:23:43','mp3',NULL,NULL,'a26cb24446713d10b1b3585b7aaee9f9'),(154,'尘埃与流萤','依旧在雨中等你,鹤见江野','我的收藏','4.29MB',1,'Admin',278,127,'/static/song_covers/尘埃与流萤_依旧在雨中等你,鹤见江野_1775053422604.jpg','/static/songs/尘埃与流萤_依旧在雨中等你,鹤见江野.mp3','2026-04-01 22:23:43','mp3',NULL,NULL,'4ee7de6f5e117415cd2f72102d048ab9'),(155,'山外小楼夜听雨','任然','我的收藏','4.41MB',1,'Admin',249,132,'/static/song_covers/山外小楼夜听雨_任然_1775053422627.jpg','/static/songs/山外小楼夜听雨_任然.mp3','2026-04-01 22:23:43','mp3',NULL,NULL,'808bedc2d3934cc0af4ee668b2726d4c'),(156,'山海不可平','CMJ','我的收藏','1.90MB',1,'Admin',113,110,'/static/song_covers/山海不可平_CMJ_1775053422638.jpg','/static/songs/山海不可平_CMJ.mp3','2026-04-01 22:23:43','mp3',NULL,NULL,'a3fa668487e97e87bf6c478cc2d7e86e'),(157,'山海皆可平','CMJ','我的收藏','2.00MB',1,'Admin',137,110,'/static/song_covers/山海皆可平_CMJ_1775053422647.jpg','/static/songs/山海皆可平_CMJ.mp3','2026-04-01 22:23:43','mp3',NULL,NULL,'6651982e9568a5ea38f05b92d7c6ad35'),(158,'年轮','张碧晨','我的收藏','4.53MB',1,'Admin',274,130,'/static/song_covers/年轮_张碧晨_1775053422657.jpg','/static/songs/年轮_张碧晨.mp3','2026-04-01 22:23:43','mp3',NULL,NULL,'a544961b3a619d57a743976d6893aea1'),(159,'弱水三千','未知作家','我的收藏','3.51MB',1,'Admin',191,126,'/static/song_covers/弱水三千_未知作家_1775053422663.jpg','/static/songs/弱水三千_未知作家.mp3','2026-04-01 22:23:43','mp3',NULL,NULL,'7c1c94d80d48aae0c86be5c249808ae3'),(160,'归寻','等什么君','我的收藏','2.98MB',1,'Admin',195,115,'/static/song_covers/归寻_等什么君_1775053422672.jpg','/static/songs/归寻_等什么君.mp3','2026-04-01 22:23:43','mp3',NULL,NULL,'4c70778a54299e46c5499130f22d172c'),(161,'得似旧时','忘乡','我的收藏','3.43MB',1,'Admin',187,124,'/static/song_covers/得似旧时_忘乡_1775053422679.jpg','/static/songs/得似旧时_忘乡.mp3','2026-04-01 22:23:43','mp3',NULL,NULL,'93cb58a3191a9479c5ff2ec91c1a8858'),(162,'忆夏思乡','MoreanP','我的收藏','4.43MB',1,'Admin',263,128,'/static/song_covers/忆夏思乡_MoreanP_1775053422686.jpg','/static/songs/忆夏思乡_MoreanP.mp3','2026-04-01 22:23:43','mp3',NULL,NULL,'ab70899aad2598101fba5ca1e8f01306'),(163,'惊鸿(Grace)','Jannik','我的收藏','5.69MB',1,'Admin',301,129,'/static/song_covers/惊鸿(Grace)_Jannik_1775053422693.jpg','/static/songs/惊鸿(Grace)_Jannik.mp3','2026-04-01 22:23:43','mp3',NULL,NULL,'158d3c6f5eb6ac1715beaee54191d323'),(164,'愛のテーマ (爱的主题) 迪迦奥特曼插曲','矢野立美','我的收藏','1.64MB',1,'Admin',119,105,'/static/song_covers/愛のテーマ (爱的主题) 迪迦奥特曼插曲_矢野立美_1775053422700.jpg','/static/songs/愛のテーマ (爱的主题) 迪迦奥特曼插曲_矢野立美.mp3','2026-04-01 22:23:43','mp3',NULL,NULL,'2e4540bf5ffd024f47542d4b2f843c61'),(165,'慢慢','小乐哥','我的收藏','3.71MB',1,'Admin',237,122,'/static/song_covers/慢慢_小乐哥_1775053422707.jpg','/static/songs/慢慢_小乐哥.mp3','2026-04-01 22:23:43','mp3',NULL,NULL,'de7b81b87e00acf4744eaafb432898e1'),(166,'戏文说','叫宝宝&祥嘞嘞','我的收藏','2.96MB',1,'Admin',172,125,'/static/song_covers/戏文说_叫宝宝&祥嘞嘞_1775053422713.jpg','/static/songs/戏文说_叫宝宝&祥嘞嘞.mp3','2026-04-01 22:23:43','mp3',NULL,NULL,'8b9c388fab2e7efea129890a701925dd'),(167,'我也想成为穿越旷野的风','Hea2t','我的收藏','2.27MB',1,'Admin',143,117,'/static/song_covers/我也想成为穿越旷野的风_Hea2t_1775053422720.jpg','/static/songs/我也想成为穿越旷野的风_Hea2t.mp3','2026-04-01 22:23:43','mp3',NULL,NULL,'1d940c115f59de2c1e71794168210a5a'),(168,'我和你(Ai重置版)','神奇啊呦','我的收藏','2.89MB',1,'Admin',185,121,'/static/song_covers/我和你(Ai重置版)_神奇啊呦_1775053422728.jpg','/static/songs/我和你(Ai重置版)_神奇啊呦.mp3','2026-04-01 22:23:43','mp3',NULL,NULL,'deb62641fb78a3180a8e731854094bef'),(169,'我好像在哪见过你','薛之谦','我的收藏','5.30MB',1,'Admin',281,123,'/static/song_covers/我好像在哪见过你_薛之谦_1775053422737.jpg','/static/songs/我好像在哪见过你_薛之谦.mp3','2026-04-01 22:23:43','mp3',NULL,NULL,'6147cc9ecf8a8e71decb831b8dddba48'),(170,'我将在何处游荡','AniFace','我的收藏','2.94MB',1,'Admin',184,126,'/static/song_covers/我将在何处游荡_AniFace_1775053422744.jpg','/static/songs/我将在何处游荡_AniFace.mp3','2026-04-01 22:23:43','mp3',NULL,NULL,'5c25344782edeee516c01fb941a1fc46'),(171,'我爱你','Ayasa','我的收藏','3.48MB',1,'Admin',228,124,'/static/song_covers/我爱你_Ayasa_1775053422751.jpg','/static/songs/我爱你_Ayasa.mp3','2026-04-01 22:23:43','mp3',NULL,NULL,'f574b3a06f4ca6aba401d9b0e4142ec7'),(172,'所念皆星河','CMJ','我的收藏','3.75MB',1,'Admin',225,132,'/static/song_covers/所念皆星河_CMJ_1775053422756.jpg','/static/songs/所念皆星河_CMJ.mp3','2026-04-01 22:23:43','mp3',NULL,NULL,'aaceb0ca14ae3469ff2bb3c76501c2cf'),(173,'所爱如月色','CMJ','我的收藏','2.96MB',1,'Admin',165,112,'/static/song_covers/所爱如月色_CMJ_1775053422762.jpg','/static/songs/所爱如月色_CMJ.mp3','2026-04-01 22:23:43','mp3',NULL,NULL,'2386fb1d7c3a47e4cc0c2730c2062ac1'),(174,'执迷不悟','小乐哥','我的收藏','2.02MB',1,'Admin',209,76,'/static/song_covers/执迷不悟_小乐哥_1775053422769.jpg','/static/songs/执迷不悟_小乐哥.mp3','2026-04-01 22:23:43','mp3',NULL,NULL,'d6586ed5ce2eff329d5f3d4a349850a1'),(175,'故梦','橙翼','我的收藏','4.48MB',1,'Admin',283,121,'/static/song_covers/故梦_橙翼_1775053422775.jpg','/static/songs/故梦_橙翼.mp3','2026-04-01 22:23:43','mp3',NULL,NULL,'378abd0d3027132f518e695954bbe73c'),(176,'斗战胜佛','老虎欧巴','我的收藏','4.47MB',1,'Admin',285,129,'/static/song_covers/斗战胜佛_老虎欧巴_1775053422782.jpg','/static/songs/斗战胜佛_老虎欧巴.mp3','2026-04-01 22:23:43','mp3',NULL,NULL,'f775dfb56a719ba096d145fc19bf04e2'),(177,'日暮里','JINBAO','我的收藏','2.34MB',1,'Admin',207,91,'/static/song_covers/日暮里_JINBAO_1775053422789.jpg','/static/songs/日暮里_JINBAO.mp3','2026-04-01 22:23:43','mp3',NULL,NULL,'52805ea4d8132e938d40e081f8ecb572'),(178,'时落叶影','Maple暖枫','我的收藏','3.26MB',1,'Admin',204,105,'/static/song_covers/时落叶影_Maple暖枫_1775053422798.jpg','/static/songs/时落叶影_Maple暖枫.mp3','2026-04-01 22:23:43','mp3',NULL,NULL,'fe8b2a416ae33d3b070d8b5d75ed9ee2'),(179,'时落鲸海','MoFeansy','我的收藏','3.67MB',1,'Admin',183,113,'/static/song_covers/时落鲸海_MoFeansy_1775053422806.jpg','/static/songs/时落鲸海_MoFeansy.mp3','2026-04-01 22:23:43','mp3',NULL,NULL,'09c1c38ad0fac774672bdfb83d389dbb'),(180,'星と僕らと (星星与我们)','p5r','我的收藏','6.94MB',1,'Admin',429,123,'/static/song_covers/星と僕らと (星星与我们)_p5r_1775053422814.jpg','/static/songs/星と僕らと (星星与我们)_p5r.mp3','2026-04-01 22:23:43','mp3',NULL,NULL,'0d91dcc35db4ed177fbc2368f34c6b8a'),(181,'星之诗','AnRaain安林','我的收藏','3.34MB',1,'Admin',202,130,'/static/song_covers/星之诗_AnRaain安林_1775053422821.jpg','/static/songs/星之诗_AnRaain安林.mp3','2026-04-01 22:23:43','mp3',NULL,NULL,'bda348924a7bb5c1a798f5989609aaf7'),(182,'星夜之下','MoreanP','我的收藏','3.79MB',1,'Admin',221,137,'/static/song_covers/星夜之下_MoreanP_1775053422826.jpg','/static/songs/星夜之下_MoreanP.mp3','2026-04-01 22:23:43','mp3',NULL,NULL,'44af90617e8b5a5716333229f19b679e'),(183,'星空彼岸','逆时针向⧸MoreanP','我的收藏','4.56MB',1,'Admin',237,127,'/static/song_covers/星空彼岸_逆时针向⧸MoreanP_1775053422833.jpg','/static/songs/星空彼岸_逆时针向⧸MoreanP.mp3','2026-04-01 22:23:43','mp3',NULL,NULL,'37f3c8f4a055c1af46289748a095a2b4'),(184,'星茶会','灰澈','我的收藏','3.22MB',1,'Admin',196,125,'/static/song_covers/星茶会_灰澈_1775053422841.jpg','/static/songs/星茶会_灰澈.mp3','2026-04-01 22:23:43','mp3',NULL,NULL,'3260bb32849e318079d5166a6348af53'),(185,'星萤火','灰澈','我的收藏','7.90MB',1,'Admin',209,119,'/static/song_covers/星萤火_灰澈_1775053422849.jpg','/static/songs/星萤火_灰澈.mp3','2026-04-01 22:23:43','mp3',NULL,NULL,'03968231b6477df5fe43f343570d6bcd'),(186,'春野','夏小调','我的收藏','3.57MB',1,'Admin',253,116,'/static/song_covers/春野_夏小调_1775053422856.jpg','/static/songs/春野_夏小调.mp3','2026-04-01 22:23:43','mp3',NULL,NULL,'4e2aafc92aab20d78343218e30ba6e23'),(187,'春风从不入眠','Hea2t','我的收藏','4.27MB',1,'Admin',168,129,'/static/song_covers/春风从不入眠_Hea2t_1775053422862.jpg','/static/songs/春风从不入眠_Hea2t.mp3','2026-04-01 22:23:43','mp3',NULL,NULL,'3c7c11b8c7bfa76477bb58b21b70567c'),(188,'晚夜微雨问海棠','镜予歌、陈亦洺、喧笑','我的收藏','5.26MB',1,'Admin',287,133,'/static/song_covers/晚夜微雨问海棠_镜予歌、陈亦洺、喧笑_1775053422870.jpg','/static/songs/晚夜微雨问海棠_镜予歌、陈亦洺、喧笑.mp3','2026-04-01 22:23:43','mp3',NULL,NULL,'3a5c65d0b17e3117174d96203fa5e553'),(189,'晚星','逆时针向','我的收藏','3.61MB',1,'Admin',193,132,'/static/song_covers/晚星_逆时针向_1775053422877.jpg','/static/songs/晚星_逆时针向.mp3','2026-04-01 22:23:43','mp3',NULL,NULL,'b58129d62e78f291ceeb6852eca48c0b'),(190,'晨与暮的约定','Melody','我的收藏','3.16MB',1,'Admin',207,123,'/static/song_covers/晨与暮的约定_Melody_Fall_1775053422883.jpg','/static/songs/晨与暮的约定_Melody_Fall.mp3','2026-04-01 22:23:43','mp3',NULL,NULL,'22f3eb4797f09fe9c0df03f3ad70de25'),(191,'暮秋沉眠','MoreanP','我的收藏','3.14MB',1,'Admin',194,111,'/static/song_covers/暮秋沉眠_MoreanP_1775053422890.jpg','/static/songs/暮秋沉眠_MoreanP.mp3','2026-04-01 22:23:43','mp3',NULL,NULL,'d73469cb9fc1c10b0c3a8e596f125545'),(192,'曾闻花名','路灰气球','我的收藏','3.31MB',1,'Admin',177,119,'/static/song_covers/曾闻花名_路灰气球_1775053422897.jpg','/static/songs/曾闻花名_路灰气球.mp3','2026-04-01 22:23:43','mp3',NULL,NULL,'b3a5b4ccb40f2fc22cb964c5a53eb3b5'),(193,'最初','逆时针向','我的收藏','4.60MB',1,'Admin',312,121,'/static/song_covers/最初_逆时针向_1775053422903.jpg','/static/songs/最初_逆时针向.mp3','2026-04-01 22:23:43','mp3',NULL,NULL,'a8e61568b5b89f5490e2264911e6fa14'),(194,'未闻花名(钢琴曲纯音乐)','xxx','我的收藏','1.77MB',1,'Admin',114,94,'/static/song_covers/未闻花名(钢琴曲纯音乐)_xxx_1775053422910.jpg','/static/songs/未闻花名(钢琴曲纯音乐)_xxx.mp3','2026-04-01 22:23:43','mp3',NULL,NULL,'872bbd14241db8bf3f0b6a10b179a4d6'),(195,'松烟入墨','winky诗','我的收藏','4.43MB',1,'Admin',278,122,'/static/song_covers/松烟入墨_winky诗_1775053422917.jpg','/static/songs/松烟入墨_winky诗.mp3','2026-04-01 22:23:43','mp3',NULL,NULL,'1801ac2377dc6401447f09c7c3e94b4f'),(196,'梦回长安','蓝云木','我的收藏','4.16MB',1,'Admin',233,132,'/static/song_covers/梦回长安_蓝云木_1775053422925.jpg','/static/songs/梦回长安_蓝云木.mp3','2026-04-01 22:23:43','mp3',NULL,NULL,'8f95cc18d4087f2dd0420fa3c712bb8d'),(197,'梦羽随风','Xwirok','我的收藏','4.02MB',1,'Admin',247,133,'/static/song_covers/梦羽随风_Xwirok_1775053422931.jpg','/static/songs/梦羽随风_Xwirok.mp3','2026-04-01 22:23:43','mp3',NULL,NULL,'3f751d508f16195fe92b369722ce8c7b'),(198,'森林','灰澈','我的收藏','3.46MB',1,'Admin',187,127,'/static/song_covers/森林_灰澈_1775053422938.jpg','/static/songs/森林_灰澈.mp3','2026-04-01 22:23:43','mp3',NULL,NULL,'b1983eddc46c888b6b13000c02e30ad2'),(199,'森林自习室','森水垚&沐灵仙','我的收藏','3.45MB',1,'Admin',173,110,'/static/song_covers/森林自习室_森水垚&沐灵仙_1775053422944.jpg','/static/songs/森林自习室_森水垚&沐灵仙.mp3','2026-04-01 22:23:43','mp3',NULL,NULL,'7b251cf44b288c08a91c282690de4233'),(200,'欧布奥特曼口琴曲','未知作家','我的收藏','3.56MB',1,'Admin',197,139,'/static/song_covers/欧布奥特曼口琴曲_未知作家_1775053422950.jpg','/static/songs/欧布奥特曼口琴曲_未知作家.mp3','2026-04-01 22:23:43','mp3',NULL,NULL,'3e4a24628379b7400bb5b256f8eb4dd7'),(201,'汐月','赵大鼾','我的收藏','3.64MB',1,'Admin',187,123,'/static/song_covers/汐月_赵大鼾_1775053422958.jpg','/static/songs/汐月_赵大鼾.mp3','2026-04-01 22:23:43','mp3',NULL,NULL,'3373ffd1dcc9d4cd4127e5891df150cb'),(202,'汐渐','Mofeansy','我的收藏','3.28MB',1,'Admin',240,108,'/static/song_covers/汐渐_Mofeansy_1775053422964.jpg','/static/songs/汐渐_Mofeansy.mp3','2026-04-01 22:23:43','mp3',NULL,NULL,'ce97b0756bc10fb13134bf957e3f813e'),(203,'江上清风游','变奏的梦想','我的收藏','3.58MB',1,'Admin',276,108,'/static/song_covers/江上清风游_变奏的梦想_1775053422970.jpg','/static/songs/江上清风游_变奏的梦想.mp3','2026-04-01 22:23:43','mp3',NULL,NULL,'c430f89fb966994391e943d43d035e89'),(204,'江辞白帝','Mofeansy','我的收藏','2.91MB',1,'Admin',183,118,'/static/song_covers/江辞白帝_Mofeansy_1775053422980.jpg','/static/songs/江辞白帝_Mofeansy.mp3','2026-04-01 22:23:43','mp3',NULL,NULL,'0afb86f84c7db1b8037b2156fc493fb2'),(205,'活着就是一种伟大','未知歌手','我的收藏','3.13MB',1,'Admin',203,123,'/static/song_covers/活着就是一种伟大__Maple暖枫_1775053422988.jpg','/static/songs/活着就是一种伟大__Maple暖枫.mp3','2026-04-01 22:23:43','mp3',NULL,NULL,'a236f6caafe9dd1db42956137b6db5bd'),(206,'流星之夜','MoFeansy','我的收藏','3.86MB',1,'Admin',271,106,'/static/song_covers/流星之夜_MoFeansy_1775053422994.jpg','/static/songs/流星之夜_MoFeansy.mp3','2026-04-01 22:23:43','mp3',NULL,NULL,'918feddf2c5c4f9337e67a228813cac4'),(207,'浮光 (The History)','Jannik','我的收藏','3.89MB',1,'Admin',258,120,'/static/song_covers/浮光 (The History)_Jannik_1775053423001.jpg','/static/songs/浮光 (The History)_Jannik.mp3','2026-04-01 22:23:43','mp3',NULL,NULL,'1417046880f32a2bc4061ad30ad0854b'),(208,'浮生若梦','逆时针向','我的收藏','2.79MB',1,'Admin',200,114,'/static/song_covers/浮生若梦_逆时针向 _1775053423007.jpg','/static/songs/浮生若梦_逆时针向 .mp3','2026-04-01 22:23:43','mp3',NULL,NULL,'bc6cb76ed3952872ed8ce85f40b8eaa1'),(209,'海の形','昙轩','我的收藏','3.41MB',1,'Admin',250,109,'/static/song_covers/海の形_昙轩_1775053423013.jpg','/static/songs/海の形_昙轩.mp3','2026-04-01 22:23:43','mp3',NULL,NULL,'d867bf5dffd7c15beb9f7f1752343886'),(210,'海风，海风请带我走','逆时针向','我的收藏','4.31MB',1,'Admin',256,131,'/static/song_covers/海风，海风请带我走_逆时针向_1775053423019.jpg','/static/songs/海风，海风请带我走_逆时针向.mp3','2026-04-01 22:23:43','mp3',NULL,NULL,'d27edf583fdb9fe0ca126578988c0545'),(211,'游京','海伦','我的收藏','3.43MB',1,'Admin',226,118,'/static/song_covers/游京_海伦_1775053423026.jpg','/static/songs/游京_海伦.mp3','2026-04-01 22:23:43','mp3',NULL,NULL,'2d845df8b5d09af49dbb0c7082959572'),(212,'溯(治愈)','未知作家','我的收藏','2.89MB',1,'Admin',236,97,'/static/song_covers/溯(治愈)_未知作家_1775053423031.jpg','/static/songs/溯(治愈)_未知作家.mp3','2026-04-01 22:23:43','mp3',NULL,NULL,'84f3c5c3f8353c2742549bebdd9d8e86'),(213,'溯(致郁)','未知作家','我的收藏','1.87MB',1,'Admin',121,124,'/static/song_covers/溯(致郁)_未知作家_1775053423037.jpg','/static/songs/溯(致郁)_未知作家.mp3','2026-04-01 22:23:43','mp3',NULL,NULL,'f6e087242b0ce3db4143083942d9097c'),(214,'烟火人间','添儿呗一','我的收藏','4.11MB',1,'Admin',264,122,'/static/song_covers/烟火人间_添儿呗一_1775053423043.jpg','/static/songs/烟火人间_添儿呗一.mp3','2026-04-01 22:23:43','mp3',NULL,NULL,'2c14ca52e20412b29475cbef61c47bf9'),(215,'烟火焚(inst.)','逆时针向','我的收藏','4.67MB',1,'Admin',284,127,'/static/song_covers/烟火焚(inst.)_逆时针向_1775053423049.jpg','/static/songs/烟火焚(inst.)_逆时针向.mp3','2026-04-01 22:23:43','mp3',NULL,NULL,'932189d1230b1f53b5918b4f886b84fc'),(216,'烟雨行舟','司南','我的收藏','4.13MB',1,'Admin',267,117,'/static/song_covers/烟雨行舟_司南_1775053423056.jpg','/static/songs/烟雨行舟_司南.mp3','2026-04-01 22:23:43','mp3',NULL,NULL,'fa6a16afe792d503643c4683af49c16b'),(217,'燕无歇','蒋雪儿','我的收藏','3.54MB',1,'Admin',201,136,'/static/song_covers/燕无歇_蒋雪儿_1775053423062.jpg','/static/songs/燕无歇_蒋雪儿.mp3','2026-04-01 22:23:43','mp3',NULL,NULL,'e7711d51ad97fe18fd9ecd3bc77d69da'),(218,'璀星湖','Maple暖枫','我的收藏','3.40MB',1,'Admin',238,115,'/static/song_covers/璀星湖_Maple暖枫_1775053423068.jpg','/static/songs/璀星湖_Maple暖枫.mp3','2026-04-01 22:23:43','mp3',NULL,NULL,'9bfd0ffa1c1b10ffe42b791f8febe9bb'),(219,'生命之名','久石让','我的收藏','4.74MB',1,'Admin',346,101,'/static/song_covers/生命之名_久石让_1775053423075.jpg','/static/songs/生命之名_久石让.mp3','2026-04-01 22:23:43','mp3',NULL,NULL,'decd3ab45f8c1eaba1d8bebaa1052dcf'),(220,'白羊','徐秉龙,沈以诚','我的收藏','2.50MB',1,'Admin',168,115,'/static/song_covers/白羊_徐秉龙,沈以诚_1775053423081.jpg','/static/songs/白羊_徐秉龙,沈以诚.mp3','2026-04-01 22:23:43','mp3',NULL,NULL,'0988976093c843a5ec10eaa0f5af981c'),(221,'白露','羽肿','我的收藏','4.51MB',1,'Admin',296,123,'/static/song_covers/白露_羽肿_1775053423087.jpg','/static/songs/白露_羽肿.mp3','2026-04-01 22:23:43','mp3',NULL,NULL,'073712d783b570fdcfc037156e0a4b99'),(222,'盛夏','Alisa','我的收藏','3.13MB',1,'Admin',186,129,'/static/song_covers/盛夏_Alisa_1775053423095.jpg','/static/songs/盛夏_Alisa.mp3','2026-04-01 22:23:43','mp3',NULL,NULL,'a0bbf0e72d297ce4d83ad89d6b91e086'),(223,'盛夏与蝉鸣','hea2t','我的收藏','2.41MB',1,'Admin',170,111,'/static/song_covers/盛夏与蝉鸣_hea2t_1775053423101.jpg','/static/songs/盛夏与蝉鸣_hea2t.mp3','2026-04-01 22:23:43','mp3',NULL,NULL,'c6981287be01b6baad6794d23a77984d'),(224,'瞬间的永恒','赵海洋','我的收藏','4.26MB',1,'Admin',308,111,'/static/song_covers/瞬间的永恒_赵海洋_1775053423108.jpg','/static/songs/瞬间的永恒_赵海洋.mp3','2026-04-01 22:23:43','mp3',NULL,NULL,'6eb0d3b34273d937e03ff280d9dbf37d'),(225,'知我','国风堂&哦漏','我的收藏','5.38MB',1,'Admin',280,133,'/static/song_covers/知我_国风堂&哦漏_1775053423115.jpg','/static/songs/知我_国风堂&哦漏.mp3','2026-04-01 22:23:43','mp3',NULL,NULL,'e1acaf51bd056cfa93ac0752d2429e76'),(226,'离开我的依赖','王艳薇','我的收藏','3.73MB',1,'Admin',233,127,'/static/song_covers/离开我的依赖_王艳薇_1775053423122.jpg','/static/songs/离开我的依赖_王艳薇.mp3','2026-04-01 22:23:43','mp3',NULL,NULL,'fa7d438c80d35400c5ec28724e70d527'),(227,'稻香','周杰伦','我的收藏','3.44MB',1,'Admin',223,127,'/static/song_covers/稻香_周杰伦_1775053423129.jpg','/static/songs/稻香_周杰伦.mp3','2026-04-01 22:23:43','mp3',NULL,NULL,'6cbf0472e813618de5cccd2a5823962f'),(228,'窗外的雨，屋内的你','Xwdit','我的收藏','2.79MB',1,'Admin',181,125,'/static/song_covers/窗外的雨，屋内的你_Xwdit_1775053423135.jpg','/static/songs/窗外的雨，屋内的你_Xwdit.mp3','2026-04-01 22:23:43','mp3',NULL,NULL,'ea5bbbba2f236e603c770d4c37acd105'),(229,'童话镇','陈一发儿','我的收藏','4.03MB',1,'Admin',258,124,'/static/song_covers/童话镇_陈一发儿_1775053423142.jpg','/static/songs/童话镇_陈一发儿.mp3','2026-04-01 22:23:43','mp3',NULL,NULL,'a49ee3afb5388eaa3c3054a82fa331ff'),(230,'等待','黄龄','我的收藏','4.33MB',1,'Admin',240,129,'/static/song_covers/等待_黄龄_1775053423148.jpg','/static/songs/等待_黄龄.mp3','2026-04-01 22:23:43','mp3',NULL,NULL,'d4218d8379e4cd0a3ef887c3f4a8e166'),(231,'致那时候的你','當山みれい','我的收藏','5.68MB',1,'Admin',349,128,'/static/song_covers/致那时候的你_當山みれい_1775053423155.jpg','/static/songs/致那时候的你_當山みれい.mp3','2026-04-01 22:23:43','mp3',NULL,NULL,'2aadbf368c1c74632911508ce3470201'),(232,'花','羽肿','我的收藏','3.18MB',1,'Admin',320,70,'/static/song_covers/花_羽肿_1775053423162.jpg','/static/songs/花_羽肿.mp3','2026-04-01 22:23:43','mp3',NULL,NULL,'06cbb5026bf93a026753ac6625d0252b'),(233,'花火が瞬く夜に','羽肿','我的收藏','4.24MB',1,'Admin',271,106,'/static/song_covers/花火が瞬く夜に_羽肿_1775053423169.jpg','/static/songs/花火が瞬く夜に_羽肿.mp3','2026-04-01 22:23:43','mp3',NULL,NULL,'ee483ed1194c7c45279e715d2f26b45e'),(234,'荒川之月','忘乡','我的收藏','3.84MB',1,'Admin',215,109,'/static/song_covers/荒川之月_忘乡_1775053423175.jpg','/static/songs/荒川之月_忘乡.mp3','2026-04-01 22:23:43','mp3',NULL,NULL,'53955e498847ed260bd7f42172b75c2c'),(235,'荒野を往く者','本良敬典','我的收藏','3.19MB',1,'Admin',170,145,'/static/song_covers/荒野を往く者_本良敬典_1775053423182.jpg','/static/songs/荒野を往く者_本良敬典.mp3','2026-04-01 22:23:43','mp3',NULL,NULL,'0b7a0d7a7108ae0654f276af7247117b'),(236,'萤火之森','CMJ','我的收藏','2.52MB',1,'Admin',152,125,'/static/song_covers/萤火之森_CMJ_1775053423188.jpg','/static/songs/萤火之森_CMJ.mp3','2026-04-01 22:23:43','mp3',NULL,NULL,'5a19a8d0a5cd5a0ea902f3f2a2b22041'),(237,'葬花','蓝云木&THT','我的收藏','3.16MB',1,'Admin',181,130,'/static/song_covers/葬花_蓝云木&THT_1775053423194.jpg','/static/songs/葬花_蓝云木&THT.mp3','2026-04-01 22:23:43','mp3',NULL,NULL,'615592ccebfd83114cb7c52760a4359b'),(238,'西楼别序','尹昔眠-小田音乐社','我的收藏','4.14MB',1,'Admin',227,133,'/static/song_covers/西楼别序_尹昔眠-小田音乐社_1775053423200.jpg','/static/songs/西楼别序_尹昔眠-小田音乐社.mp3','2026-04-01 22:23:43','mp3',NULL,NULL,'c3c5d1ba80e029f61b92f51df312240b'),(239,'记住你','July','我的收藏','4.43MB',1,'Admin',237,129,'/static/song_covers/记住你_July_1775053423206.jpg','/static/songs/记住你_July.mp3','2026-04-01 22:23:43','mp3',NULL,NULL,'3037132746d732d65e5fb3291daab684'),(240,'记忆停留的地方','July','我的收藏','3.15MB',1,'Admin',202,126,'/static/song_covers/记忆停留的地方_July_1775053423213.jpg','/static/songs/记忆停留的地方_July.mp3','2026-04-01 22:23:43','mp3',NULL,NULL,'870fc82cd647ea0d5e31b160cc9a23c8'),(241,'账号已注销(小提琴版)','Strictlyviolin荀博&王朝','我的收藏','2.37MB',1,'Admin',129,125,'/static/song_covers/账号已注销(小提琴版)_Strictlyviolin荀博&王朝 _1775053423219.jpg','/static/songs/账号已注销(小提琴版)_Strictlyviolin荀博&王朝 .mp3','2026-04-01 22:23:43','mp3',NULL,NULL,'dad79a0bac96f5f96a2a1fb6ef83f546'),(242,'路雨','壹勺籽糖','我的收藏','2.31MB',1,'Admin',132,121,'/static/song_covers/路雨_壹勺籽糖_1775053423227.jpg','/static/songs/路雨_壹勺籽糖.mp3','2026-04-01 22:23:43','mp3',NULL,NULL,'13d396f4c945119e9c2ed5e6ed97881c'),(243,'远书','忘乡','我的收藏','4.12MB',1,'Admin',215,98,'/static/song_covers/远书_忘乡_1775053423235.jpg','/static/songs/远书_忘乡.mp3','2026-04-01 22:23:43','mp3',NULL,NULL,'fd0f222164ff97489fecd366b7ea514e'),(244,'银之树逃亡神级bgm','ori','我的收藏','2.44MB',1,'Admin',135,135,'/static/song_covers/银之树逃亡神级bgm_ori_1775053423242.jpg','/static/songs/银之树逃亡神级bgm_ori.mp3','2026-04-01 22:23:43','mp3',NULL,NULL,'7c5e47afc46e5fe5bb5db25a10ee1f52'),(245,'闪耀','南征北战','我的收藏','3.85MB',1,'Admin',263,120,'/static/song_covers/闪耀_南征北战_1775053423248.jpg','/static/songs/闪耀_南征北战.mp3','2026-04-01 22:23:43','mp3',NULL,NULL,'11527e8f9ce7ea2a4557ca9bfb9c0be6'),(246,'隔岸','姚六一','我的收藏','4.24MB',1,'Admin',273,124,'/static/song_covers/隔岸_姚六一_1775053423255.jpg','/static/songs/隔岸_姚六一.mp3','2026-04-01 22:23:43','mp3',NULL,NULL,'a4c5af782ede3820bc57872f972f9067'),(247,'雨夜','四季音色','我的收藏','2.88MB',1,'Admin',178,125,'/static/song_covers/雨夜_四季音色 _1775053423261.jpg','/static/songs/雨夜_四季音色 .mp3','2026-04-01 22:23:43','mp3',NULL,NULL,'7c1192ea6229c4471f45a796375bc477'),(248,'雨眠','Hea2t','我的收藏','1.99MB',1,'Admin',132,126,'/static/song_covers/雨眠_Hea2t_1775053423268.jpg','/static/songs/雨眠_Hea2t.mp3','2026-04-01 22:23:43','mp3',NULL,NULL,'dc42243b831036a5987215d7d5c55279'),(249,'雨葬花海','Maple暖枫','我的收藏','3.83MB',1,'Admin',218,92,'/static/song_covers/雨葬花海_Maple暖枫_1775053423276.jpg','/static/songs/雨葬花海_Maple暖枫.mp3','2026-04-01 22:23:43','mp3',NULL,NULL,'7e3c1f880b0b11f38725675665a2d970'),(250,'青丝','等什么君','我的收藏','4.50MB',1,'Admin',270,127,'/static/song_covers/青丝_等什么君_1775053423283.jpg','/static/songs/青丝_等什么君.mp3','2026-04-01 22:23:43','mp3',NULL,NULL,'cce637a197a2ccd5d2d887b9c0aee848'),(251,'青空','Candy','我的收藏','3.14MB',1,'Admin',201,122,'/static/song_covers/青空_Candy_Wind_1775053423291.jpg','/static/songs/青空_Candy_Wind.mp3','2026-04-01 22:23:43','mp3',NULL,NULL,'b1df45185c5c8b398b6979012f7fdea6'),(252,'青衣','九鸢&在下河帛','我的收藏','2.15MB',1,'Admin',148,119,'/static/song_covers/青衣_九鸢&在下河帛_1775053423302.jpg','/static/songs/青衣_九鸢&在下河帛.mp3','2026-04-01 22:23:43','mp3',NULL,NULL,'0dcc2de698e8772d725fef0d1ec97ba9'),(253,'风与铃·夜与星','邹牧虞','我的收藏','2.75MB',1,'Admin',178,118,'/static/song_covers/风与铃·夜与星_邹牧虞_1775053423309.jpg','/static/songs/风与铃·夜与星_邹牧虞.mp3','2026-04-01 22:23:43','mp3',NULL,NULL,'72edcfc7a37e29b6f0be4e64a84891ba'),(254,'风摇盛夏','逆时针向','我的收藏','2.48MB',1,'Admin',151,126,'/static/song_covers/风摇盛夏_逆时针向_1775053423318.jpg','/static/songs/风摇盛夏_逆时针向.mp3','2026-04-01 22:23:43','mp3',NULL,NULL,'ac61321db79c1b593dfecadb21887fd2'),(255,'风月明日来','鹤见江野','我的收藏','2.55MB',1,'Admin',167,123,'/static/song_covers/风月明日来_鹤见江野_1775053423325.jpg','/static/songs/风月明日来_鹤见江野.mp3','2026-04-01 22:23:43','mp3',NULL,NULL,'7f954286c9ffe435484a014919f44194'),(256,'飞升','聲無哀樂乐队','我的收藏','5.13MB',1,'Admin',294,138,'/static/song_covers/飞升_聲無哀樂乐队_1775053423332.jpg','/static/songs/飞升_聲無哀樂乐队.mp3','2026-04-01 22:23:43','mp3',NULL,NULL,'de5f261c16b675ed3f011c41af60929c'),(257,'鸟之诗 (八音盒版)','折户伸治','我的收藏','1.95MB',1,'Admin',202,71,'/static/song_covers/鸟之诗 (八音盒版)_折户伸治_1775053423338.jpg','/static/songs/鸟之诗 (八音盒版)_折户伸治.mp3','2026-04-01 22:23:43','mp3',NULL,NULL,'1af3174f68763d25b499dd8d01c1dbd7'),(258,'鸿迹','变奏的梦想','我的收藏','4.54MB',1,'Admin',273,129,'/static/song_covers/鸿迹_变奏的梦想_1775053423344.jpg','/static/songs/鸿迹_变奏的梦想.mp3','2026-04-01 22:23:43','mp3','',NULL,'02d702a674fa556ebf1089b8c4a33a60'),(259,'이젠 남 (现在是陌生人) (Now, we are strangers｜Inst.)','Noblesse (노블레스)','我的收藏','4.20MB',1,'Admin',225,146,'/static/song_covers/이젠 남 (现在是陌生人) (Now, we are strangers｜Inst.)_Noblesse (노블레스)_1775053423349.jpg','/static/songs/이젠 남 (现在是陌生人) (Now, we are strangers｜Inst.)_Noblesse (노블레스).mp3','2026-04-01 22:23:43','mp3',NULL,NULL,'30b5cc83e37d343a17af2abbdd5d06c8'),(260,'하루하루 (一天一天) 钢琴版','未知作家','我的收藏','33.86MB',1,'Admin',2496,111,'/static/song_covers/하루하루 (一天一天) 钢琴版_未知作家_1775053423362.jpg','/static/songs/하루하루 (一天一天) 钢琴版_未知作家.mp3','2026-04-01 22:23:43','mp3',NULL,NULL,'e7eaf3b3109893329d146842931c5d88'),(261,'AIZO_咒术回战.mp3','','','6842428',1,'SystemScanner',219,249,NULL,'/static/songs/AIZO_咒术回战.mp3','2026-04-12 14:36:59','mp3',NULL,NULL,'-127783518'),(263,'Phoenix','Netrum&Halvorsen','未知专辑','7413643',1,'空与风',237,250,'/static/song_covers/coverfile-752b8ce0-c097-498f-8c16-fae8d9b04b0e.jpg','/static/songs/audiofile-edef163e-1948-4992-9eee-3523b2dad24f.mp3','2026-04-12 15:12:04','mp3','',NULL,NULL),(264,'未白镇','Unknown Artist','Unknown Album','4054294',1,'空与风',135,239,'/static/song_covers/cover-9979c5d6.jpg','/static/songs/Unknown Artist - 未白镇_ad565f75.mp3','2026-04-12 15:47:07','mp3','',NULL,'a6c1c4e9f009ea087d46ff306b71f399');
/*!40000 ALTER TABLE `songs` ENABLE KEYS */;
UNLOCK TABLES;

--
-- Table structure for table `songs_playlists_relation`
--

DROP TABLE IF EXISTS `songs_playlists_relation`;
/*!40101 SET @saved_cs_client     = @@character_set_client */;
/*!50503 SET character_set_client = utf8mb4 */;
CREATE TABLE `songs_playlists_relation` (
  `playlist_id` int NOT NULL,
  `song_id` int NOT NULL,
  `song_playlist_position` int NOT NULL DEFAULT '0',
  PRIMARY KEY (`playlist_id`,`song_id`),
  KEY `idx_song_id` (`song_id`),
  KEY `idx_playlist_position` (`playlist_id`,`song_playlist_position`),
  CONSTRAINT `fk_playlist_songs` FOREIGN KEY (`playlist_id`) REFERENCES `playlists` (`playlist_id`) ON DELETE CASCADE
) ENGINE=InnoDB DEFAULT CHARSET=utf8mb4 COLLATE=utf8mb4_0900_ai_ci;
/*!40101 SET character_set_client = @saved_cs_client */;

--
-- Dumping data for table `songs_playlists_relation`
--

LOCK TABLES `songs_playlists_relation` WRITE;
/*!40000 ALTER TABLE `songs_playlists_relation` DISABLE KEYS */;
/*!40000 ALTER TABLE `songs_playlists_relation` ENABLE KEYS */;
UNLOCK TABLES;

--
-- Table structure for table `users`
--

DROP TABLE IF EXISTS `users`;
/*!40101 SET @saved_cs_client     = @@character_set_client */;
/*!50503 SET character_set_client = utf8mb4 */;
CREATE TABLE `users` (
  `user_id` int NOT NULL AUTO_INCREMENT,
  `user_name` varchar(50) COLLATE utf8mb4_unicode_ci NOT NULL,
  `user_email` varchar(100) COLLATE utf8mb4_unicode_ci NOT NULL,
  `password` varchar(255) COLLATE utf8mb4_unicode_ci NOT NULL,
  `user_cover_url` varchar(255) COLLATE utf8mb4_unicode_ci DEFAULT NULL,
  PRIMARY KEY (`user_id`),
  UNIQUE KEY `idx_unique_username` (`user_name`),
  UNIQUE KEY `idx_unique_email` (`user_email`)
) ENGINE=InnoDB AUTO_INCREMENT=6 DEFAULT CHARSET=utf8mb4 COLLATE=utf8mb4_unicode_ci;
/*!40101 SET character_set_client = @saved_cs_client */;

--
-- Dumping data for table `users`
--

LOCK TABLES `users` WRITE;
/*!40000 ALTER TABLE `users` DISABLE KEYS */;
INSERT INTO `users` VALUES (1,'空与风','2034315213@qq.com','$2b$10$SPb9RCasvOyPngqoE9B0uOsi4xsHQy0yJuswAoefei5vUyiSwi6.m','http://127.0.0.1/static/user_covers/1_1776575168836.jpg'),(5,'test','2034315213@test.com','$2a$10$fTHZuqnIOWypuPE1InHSBej.AFzDnjiV1Wky8pz1sgMIwDwNnDCvq',NULL);
/*!40000 ALTER TABLE `users` ENABLE KEYS */;
UNLOCK TABLES;

--
-- Table structure for table `users_likeplaylists_relation`
--

DROP TABLE IF EXISTS `users_likeplaylists_relation`;
/*!40101 SET @saved_cs_client     = @@character_set_client */;
/*!50503 SET character_set_client = utf8mb4 */;
CREATE TABLE `users_likeplaylists_relation` (
  `user_id` int NOT NULL,
  `playlist_id` int NOT NULL,
  PRIMARY KEY (`user_id`,`playlist_id`),
  KEY `idx_playlist_id` (`playlist_id`)
) ENGINE=InnoDB DEFAULT CHARSET=utf8mb4 COLLATE=utf8mb4_0900_ai_ci;
/*!40101 SET character_set_client = @saved_cs_client */;

--
-- Dumping data for table `users_likeplaylists_relation`
--

LOCK TABLES `users_likeplaylists_relation` WRITE;
/*!40000 ALTER TABLE `users_likeplaylists_relation` DISABLE KEYS */;
/*!40000 ALTER TABLE `users_likeplaylists_relation` ENABLE KEYS */;
UNLOCK TABLES;

--
-- Table structure for table `users_playlists_relation`
--

DROP TABLE IF EXISTS `users_playlists_relation`;
/*!40101 SET @saved_cs_client     = @@character_set_client */;
/*!50503 SET character_set_client = utf8mb4 */;
CREATE TABLE `users_playlists_relation` (
  `user_id` int NOT NULL,
  `playlist_id` int NOT NULL,
  PRIMARY KEY (`user_id`,`playlist_id`)
) ENGINE=InnoDB DEFAULT CHARSET=utf8mb4 COLLATE=utf8mb4_0900_ai_ci;
/*!40101 SET character_set_client = @saved_cs_client */;

--
-- Dumping data for table `users_playlists_relation`
--

LOCK TABLES `users_playlists_relation` WRITE;
/*!40000 ALTER TABLE `users_playlists_relation` DISABLE KEYS */;
INSERT INTO `users_playlists_relation` VALUES (1,1),(1,2);
/*!40000 ALTER TABLE `users_playlists_relation` ENABLE KEYS */;
UNLOCK TABLES;
/*!40103 SET TIME_ZONE=@OLD_TIME_ZONE */;

/*!40101 SET SQL_MODE=@OLD_SQL_MODE */;
/*!40014 SET FOREIGN_KEY_CHECKS=@OLD_FOREIGN_KEY_CHECKS */;
/*!40014 SET UNIQUE_CHECKS=@OLD_UNIQUE_CHECKS */;
/*!40101 SET CHARACTER_SET_CLIENT=@OLD_CHARACTER_SET_CLIENT */;
/*!40101 SET CHARACTER_SET_RESULTS=@OLD_CHARACTER_SET_RESULTS */;
/*!40101 SET COLLATION_CONNECTION=@OLD_COLLATION_CONNECTION */;
/*!40111 SET SQL_NOTES=@OLD_SQL_NOTES */;

-- Dump completed on 2026-04-21  0:07:50
